1,Karina,Diggle,kdiggle0@cloudflare.com,(183) 7239797,29/05/2023,11:00,89
2,Lovell,Spreadbury,lspreadbury1@feedburner.com,(878) 1330545,29/05/2023,11:00,35
3,Broderic,Vaggs,bvaggs2@is.gd,(457) 5654321,29/05/2023,11:00,26
4,Daniela,Leppington,dleppington3@ovh.net,(370) 9406788,29/05/2023,11:00,59
5,Grantley,Boerder,gboerder4@timesonline.co.uk,(884) 5737117,08/12/2022,12:30,60
6,Giulietta,Lucius,glucius5@usda.gov,(465) 9201218,15/04/2023,13:30,52
7,Albertina,McFadden,amcfadden6@pen.io,(926) 5732038,02/06/2023,18:30,81
8,Tabitha,Butterick,tbutterick7@theatlantic.com,(488) 3618867,13/12/2022,09:00,2
9,Manda,Glaister,mglaister8@umn.edu,(195) 8350295,07/02/2023,15:30,9
10,Stirling,Scraggs,sscraggs9@miitbeian.gov.cn,(783) 2938700,02/09/2022,16:00,24
11,Emmie,Blewis,eblewisa@blogtalkradio.com,(454) 5986254,30/03/2023,18:30,23
12,Nelle,Poulney,npoulneyb@stumbleupon.com,(801) 9999542,01/04/2023,14:00,98
13,Kelwin,Schulke,kschulkec@dion.ne.jp,(695) 4289950,28/09/2023,12:00,38
14,Sunny,Viegas,sviegasd@washingtonpost.com,(670) 2490089,24/12/2022,09:00,5
15,Dee dee,Marian,dmariane@independent.co.uk,(663) 8678368,24/12/2022,15:30,59
16,Dannie,Lackmann,dlackmannf@auda.org.au,(166) 2644362,16/01/2023,16:30,1
17,Florenza,Kyncl,fkynclg@chron.com,(817) 7325997,02/11/2022,16:00,47
18,Bernadine,Purchase,bpurchaseh@tuttocitta.it,(539) 7926847,02/10/2022,19:00,41
19,Hilario,Moizer,hmoizeri@xrea.com,(231) 4521352,19/07/2023,10:30,90
20,Philipa,Dunbobbin,pdunbobbinj@abc.net.au,(329) 9066293,29/07/2023,11:30,23
21,Niko,Paolazzi,npaolazzik@hugedomains.com,(810) 7229978,09/09/2023,17:00,43
22,Shellysheldon,Scanderet,sscanderetl@discovery.com,(846) 8953605,22/05/2023,13:30,34
23,Camilla,Huband,chubandm@nymag.com,(746) 9832149,06/09/2023,12:30,26
24,Blithe,Boast,bboastn@shop-pro.jp,(414) 4966491,25/12/2022,13:00,11
25,Lonee,Clac,lclaco@ocn.ne.jp,(610) 2859804,25/11/2022,14:30,40
26,Kitty,Ekins,kekinsp@mapquest.com,(926) 3508471,04/02/2023,14:30,60
27,Gustav,Dutt,gduttq@harvard.edu,(132) 3374648,01/01/2023,13:00,58
28,Shina,Pavlov,spavlovr@imdb.com,(126) 4708893,11/04/2023,09:00,75
29,Karyn,Normington,knormingtons@feedburner.com,(969) 6393251,17/01/2023,17:00,83
30,Luella,Beacom,lbeacomt@simplemachines.org,(248) 2002116,16/08/2023,10:00,85
31,Cully,Bettanay,cbettanayu@dion.ne.jp,(705) 3409013,26/08/2023,10:30,71
32,Mahalia,Aronovich,maronovichv@virginia.edu,(131) 7653597,04/03/2023,18:00,76
33,Mathew,MacGee,mmacgeew@sciencedirect.com,(221) 8969560,18/09/2023,12:30,57
34,Katerina,Suddell,ksuddellx@apple.com,(714) 1404363,23/08/2023,11:00,1
35,Davie,Caldera,dcalderay@hp.com,(493) 8301045,23/05/2023,14:00,45
36,Nikolia,Ramel,nramelz@patch.com,(391) 4212353,04/07/2023,16:30,20
37,Ambrosi,Axby,aaxby10@reddit.com,(387) 7542585,06/02/2023,13:00,40
38,Tobi,Milton-White,tmiltonwhite11@sphinn.com,(430) 7557637,22/08/2023,14:00,18
39,Noel,Rouge,nrouge12@yelp.com,(873) 4797220,18/01/2023,16:30,48
40,Hermia,Petrovykh,hpetrovykh13@163.com,(814) 6560590,01/12/2022,19:00,84
41,Norma,McGaffey,nmcgaffey14@google.es,(376) 3882931,06/10/2022,10:30,63
42,Cairistiona,Canario,ccanario15@networksolutions.com,(762) 5483736,04/09/2023,15:00,51
43,Corinne,Dannett,cdannett16@vistaprint.com,(106) 6326392,28/04/2023,16:30,2
44,Ginnifer,Kiehl,gkiehl17@arizona.edu,(178) 3347146,12/05/2023,18:30,77
45,Dorolice,Fransson,dfransson18@photobucket.com,(315) 4668767,25/10/2022,11:30,58
46,Cliff,Tacker,ctacker19@webnode.com,(774) 5369161,10/07/2023,15:00,88
47,Geordie,Dufore,gdufore1a@phpbb.com,(733) 5353963,16/12/2022,17:00,33
48,Ilise,Gallaher,igallaher1b@elpais.com,(128) 2631490,21/11/2022,17:00,75
49,Viva,Gloster,vgloster1c@eepurl.com,(821) 5234220,10/07/2023,10:30,54
50,Clemmie,Loving,cloving1d@uiuc.edu,(654) 6841749,01/08/2023,13:00,84
51,Pattie,Tavener,ptavener1e@dailymail.co.uk,(707) 8262203,03/10/2022,17:30,29
52,Adelle,Cicchillo,acicchillo1f@craigslist.org,(371) 5731713,16/02/2023,11:00,51
53,Vincenty,McGeagh,vmcgeagh1g@nba.com,(782) 5942776,01/04/2023,11:30,15
54,Becki,Carhart,bcarhart1h@prnewswire.com,(333) 9187690,11/04/2023,10:00,6
55,Cheslie,Le Marquand,clemarquand1i@wikia.com,(408) 8130503,15/11/2022,09:00,90
56,Pet,Wharf,pwharf1j@umich.edu,(515) 5862750,10/10/2022,16:30,4
57,Toma,MacElane,tmacelane1k@google.es,(798) 1564515,22/03/2023,10:30,91
58,Stormie,Grog,sgrog1l@harvard.edu,(923) 3017907,27/07/2023,10:00,45
59,Jamil,Elderton,jelderton1m@vistaprint.com,(269) 7290334,08/08/2023,18:00,29
60,Maegan,Zorzini,mzorzini1n@hubpages.com,(866) 2029702,28/08/2023,12:30,59
61,Mela,Liley,mliley1o@marriott.com,(625) 1353977,09/07/2023,18:00,24
62,Jerrilyn,Stronough,jstronough1p@gmpg.org,(508) 1675059,21/02/2023,15:30,44
63,Ema,Brunelleschi,ebrunelleschi1q@foxnews.com,(133) 8357349,07/03/2023,13:00,12
64,Austen,MacKerley,amackerley1r@bloomberg.com,(453) 3287851,15/01/2023,16:00,49
65,Louis,Giacoboni,lgiacoboni1s@lulu.com,(450) 4818168,27/03/2023,14:00,43
66,Ernesto,Shubotham,eshubotham1t@usnews.com,(273) 5228317,25/08/2023,16:30,69
67,Willy,Vasyunichev,wvasyunichev1u@psu.edu,(316) 5429023,01/09/2023,14:00,47
68,Talbert,Dachs,tdachs1v@mlb.com,(427) 6284662,29/06/2023,12:30,71
69,Vlad,Aberkirder,vaberkirder1w@epa.gov,(113) 2153954,07/06/2023,10:00,36
70,Harwell,Darley,hdarley1x@wix.com,(453) 5550260,30/07/2023,17:00,24
71,Doralin,Gudahy,dgudahy1y@unesco.org,(145) 2654940,31/05/2023,09:30,9
72,Katy,Dando,kdando1z@google.co.uk,(715) 3354551,16/02/2023,17:00,2
73,Flori,Gleave,fgleave20@prnewswire.com,(225) 3729873,17/11/2022,13:00,47
74,Hamish,Bestwick,hbestwick21@mashable.com,(262) 9524134,15/11/2022,16:00,18
75,Garrick,Beteriss,gbeteriss22@fema.gov,(808) 3324649,23/05/2023,12:30,48
76,Robinia,Mayhead,rmayhead23@sphinn.com,(311) 6753150,20/09/2022,14:00,24
77,Alyssa,Jeandel,ajeandel24@trellian.com,(705) 2913156,04/09/2023,11:00,92
78,Janela,Mulvihill,jmulvihill25@youtube.com,(963) 2462882,28/09/2023,12:00,15
79,Gaylene,Gammidge,ggammidge26@msu.edu,(129) 9760747,26/02/2023,16:30,5
80,Reinhold,Wilfling,rwilfling27@dyndns.org,(884) 6825260,19/01/2023,17:00,14
81,Donnamarie,Platts,dplatts28@ted.com,(530) 2082569,02/12/2022,11:00,10
82,Bengt,Hummerston,bhummerston29@unesco.org,(784) 7200815,04/09/2023,11:00,92
83,Laurice,Giampietro,lgiampietro2a@rakuten.co.jp,(749) 7568195,04/09/2023,11:00,38
84,Wilhelmine,Abrahamsohn,wabrahamsohn2b@theatlantic.com,(633) 1792230,04/09/2023,11:00,33
85,Milly,Osant,mosant2c@is.gd,(573) 9640418,04/09/2023,11:00,76
86,Ellene,Lober,elober2d@lycos.com,(132) 7374167,04/09/2023,11:00,68
87,Benedetta,Guard,bguard2e@addthis.com,(547) 5368747,15/09/2023,16:30,6
88,Pattie,Hanselmann,phanselmann2f@merriam-webster.com,(936) 6388850,27/10/2022,17:30,14
89,Ethelyn,Acom,eacom2g@twitter.com,(332) 6797367,19/07/2023,10:30,30
90,Sonny,Bransdon,sbransdon2h@wikimedia.org,(693) 6652503,24/09/2023,12:30,73
91,Sofie,Francillo,sfrancillo2i@sfgate.com,(226) 4348284,27/11/2022,09:30,97
92,Gerianna,Moreton,gmoreton2j@wp.com,(496) 6138052,29/05/2023,12:30,38
93,Barney,Standen,bstanden2k@ask.com,(626) 1822607,02/03/2023,13:30,66
94,Katerina,Hurford,khurford2l@spiegel.de,(190) 7990102,13/11/2022,14:00,81
95,Lilia,Atherton,latherton2m@reverbnation.com,(529) 6804990,14/03/2023,15:30,17
96,Seth,Bumby,sbumby2n@yelp.com,(967) 2912024,10/09/2023,10:30,77
97,Viviyan,De Vere,vdevere2o@digg.com,(912) 7579147,21/07/2023,13:30,13
98,Carey,Klimke,cklimke2p@facebook.com,(188) 8767070,12/11/2022,09:30,100
99,Nat,Peirce,npeirce2q@jimdo.com,(678) 2078275,22/11/2022,09:30,51
100,Leslie,Borborough,lborborough2r@samsung.com,(187) 8235307,31/08/2023,13:30,94
101,Peterus,Benedyktowicz,pbenedyktowicz2s@craigslist.org,(457) 9365437,29/04/2023,19:00,72
102,Allie,Antonsson,aantonsson2t@networkadvertising.org,(969) 8243269,02/08/2023,15:30,2
103,Issiah,Labbet,ilabbet2u@miitbeian.gov.cn,(244) 4935220,24/09/2023,15:30,26
104,Carleton,Cordsen,ccordsen2v@msu.edu,(433) 2096583,15/05/2023,16:00,47
105,Dwight,Pullin,dpullin2w@ucsd.edu,(576) 4275186,30/12/2022,16:00,79
106,Margie,Taks,mtaks2x@google.pl,(470) 3765477,12/10/2022,19:00,35
107,Thornton,Bushnell,tbushnell2y@list-manage.com,(434) 7945434,31/12/2022,19:00,53
108,Suzy,Swann,sswann2z@linkedin.com,(168) 8749220,24/01/2023,13:00,46
109,Rozalin,Casajuana,rcasajuana30@biglobe.ne.jp,(881) 9777247,20/01/2023,13:30,95
110,Kathye,MacGowan,kmacgowan31@nba.com,(956) 2490747,22/01/2023,18:00,79
111,Kristen,Cadigan,kcadigan32@pagesperso-orange.fr,(873) 1731677,18/10/2022,09:30,63
112,Margarita,Fennick,mfennick33@ameblo.jp,(218) 3795670,04/10/2022,15:00,29
113,Audi,Bonnette,abonnette34@feedburner.com,(899) 4689533,12/12/2022,10:00,11
114,Connie,Vasyunkin,cvasyunkin35@shinystat.com,(578) 2866190,16/11/2022,13:00,79
115,Libbi,Doogan,ldoogan36@issuu.com,(241) 4652697,24/08/2023,16:30,96
116,Garreth,Daouze,gdaouze37@over-blog.com,(796) 1692703,13/10/2022,15:30,84
117,Morrie,McKennan,mmckennan38@foxnews.com,(978) 5800767,29/03/2023,16:30,33
118,Renell,Toyne,rtoyne39@a8.net,(747) 4867140,02/04/2023,10:00,74
119,John,Bootherstone,jbootherstone3a@army.mil,(740) 7179539,14/11/2022,15:00,33
120,Deane,Lavers,dlavers3b@google.ca,(778) 8974344,05/04/2023,10:30,69
121,Ainslee,Hansom,ahansom3c@infoseek.co.jp,(108) 2190978,29/04/2023,10:30,80
122,Glynnis,Tizzard,gtizzard3d@amazonaws.com,(336) 6426024,19/12/2022,10:00,19
123,Breanne,Wombwell,bwombwell3e@diigo.com,(541) 7584263,28/05/2023,17:00,93
124,Bidget,Mazin,bmazin3f@dyndns.org,(343) 6496983,02/12/2022,12:00,55
125,Sandor,Corragan,scorragan3g@youku.com,(813) 6431778,29/09/2023,13:00,80
126,Katha,Edworthie,kedworthie3h@csmonitor.com,(550) 7368621,03/05/2023,13:00,90
127,Barny,Sanchis,bsanchis3i@va.gov,(570) 2919425,07/02/2023,14:30,4
128,Loralee,MacDermand,lmacdermand3j@bloomberg.com,(741) 8975734,28/02/2023,11:30,87
129,Arte,Masselin,amasselin3k@twitpic.com,(324) 7967905,28/06/2023,11:30,42
130,Yehudi,Petegre,ypetegre3l@wsj.com,(720) 6759979,08/09/2022,17:30,35
131,Gloriana,Tween,gtween3m@ibm.com,(213) 8364918,27/01/2023,12:30,46
132,Shelli,Heap,sheap3n@berkeley.edu,(181) 9936751,25/02/2023,10:30,68
133,Gilburt,Francomb,gfrancomb3o@uol.com.br,(186) 2620143,07/10/2022,12:00,95
134,Papagena,Scud,pscud3p@facebook.com,(103) 1118929,04/09/2022,14:30,24
135,Emmye,Shoobridge,eshoobridge3q@pbs.org,(899) 2480955,04/04/2023,10:00,6
136,Siobhan,Edmed,sedmed3r@exblog.jp,(965) 2003502,03/11/2022,14:00,39
137,Cathy,Baldazzi,cbaldazzi3s@dailymotion.com,(507) 2528097,04/02/2023,11:30,22
138,Devan,Vicarey,dvicarey3t@clickbank.net,(978) 4018974,30/11/2022,15:30,6
139,Clarke,Jeynes,cjeynes3u@dyndns.org,(448) 4657811,15/07/2023,09:30,25
140,Odilia,Ingram,oingram3v@nih.gov,(437) 8024670,10/09/2023,15:00,85
141,Garth,Lufkin,glufkin3w@hp.com,(765) 5818313,30/09/2023,17:00,8
142,Danny,Malimoe,dmalimoe3x@drupal.org,(409) 5928150,13/10/2022,13:00,26
143,Melisenda,Telezhkin,mtelezhkin3y@seesaa.net,(984) 3941323,13/08/2023,14:00,78
144,Cortie,Snoxill,csnoxill3z@shutterfly.com,(386) 2513660,24/09/2022,18:00,9
145,Arther,Heckney,aheckney40@psu.edu,(248) 1833492,24/08/2023,09:30,77
146,Bibby,Cayzer,bcayzer41@imgur.com,(944) 7080557,25/07/2023,10:00,69
147,Basilius,Petrasek,bpetrasek42@paginegialle.it,(336) 5132549,14/09/2022,10:00,17
148,Husain,Medlar,hmedlar43@nydailynews.com,(330) 1389510,24/03/2023,13:30,100
149,Lonnard,Jarvis,ljarvis44@cnet.com,(617) 3841432,30/07/2023,14:00,66
150,Emiline,Khosa,ekhosa45@apache.org,(130) 5998848,13/10/2022,09:30,64
151,Mycah,Dennis,mdennis46@so-net.ne.jp,(696) 3434763,08/05/2023,13:30,11
152,Ariadne,Simmens,asimmens47@ca.gov,(144) 8354741,28/07/2023,13:00,82
153,Mirilla,Izak,mizak48@toplist.cz,(489) 1479148,21/05/2023,17:00,51
154,Normy,Tollady,ntollady49@mozilla.org,(442) 8063733,20/12/2022,15:30,91
155,Sadye,Perkins,sperkins4a@smh.com.au,(361) 6290133,01/01/2023,17:00,98
156,Baudoin,Borrington,bborrington4b@csmonitor.com,(185) 4563172,06/05/2023,18:00,14
157,Laetitia,Scutchings,lscutchings4c@nytimes.com,(995) 5488628,06/04/2023,10:30,30
158,Helga,Nassi,hnassi4d@comcast.net,(526) 8825214,08/05/2023,11:30,56
159,Cordelie,Wollaston,cwollaston4e@livejournal.com,(623) 9627654,07/05/2023,09:30,1
160,Hyacinth,Meakin,hmeakin4f@t-online.de,(409) 9353641,26/09/2022,15:30,88
161,Tedmund,Rogans,trogans4g@1und1.de,(143) 9381139,28/02/2023,18:00,63
162,Bradley,MacPaden,bmacpaden4h@amazon.co.uk,(338) 7343078,14/10/2022,17:30,64
163,Dorrie,Plumm,dplumm4i@mysql.com,(830) 2537052,17/07/2023,12:30,85
164,Kiah,Bumphries,kbumphries4j@nationalgeographic.com,(872) 6500787,24/10/2022,16:30,32
165,Ashlin,Oda,aoda4k@paypal.com,(205) 1895233,28/06/2023,15:00,13
166,Taddeo,Ehrat,tehrat4l@g.co,(481) 6377050,09/03/2023,18:00,50
167,Hill,Pattenden,hpattenden4m@google.com.br,(440) 7470037,24/06/2023,14:30,55
168,Giuseppe,Pohls,gpohls4n@opensource.org,(807) 4912488,09/03/2023,18:30,77
169,Patrizio,Feldhuhn,pfeldhuhn4o@paginegialle.it,(805) 9444177,07/08/2023,18:00,26
170,Avis,Turpin,aturpin4p@fastcompany.com,(183) 4972355,07/12/2022,17:00,87
171,Nero,Bernadon,nbernadon4q@umn.edu,(594) 1850811,09/07/2023,15:30,87
172,Vidovik,Gordon,vgordon4r@photobucket.com,(913) 4637019,16/08/2023,09:00,25
173,Shermie,Reglar,sreglar4s@wordpress.com,(138) 9417692,15/05/2023,11:00,60
174,Bettine,Gypps,bgypps4t@seattletimes.com,(801) 1452036,25/06/2023,12:00,33
175,Guthrie,Sowter,gsowter4u@indiegogo.com,(517) 3655014,08/06/2023,09:00,98
176,Colas,Sloat,csloat4v@smugmug.com,(871) 5359680,06/12/2022,15:00,72
177,Isa,Happs,ihapps4w@techcrunch.com,(821) 5160390,07/04/2023,16:00,37
178,Malanie,Sibthorpe,msibthorpe4x@mlb.com,(790) 9183852,06/10/2022,14:30,7
179,Yoshiko,Latore,ylatore4y@cnbc.com,(148) 1397476,30/04/2023,12:00,98
180,Calv,Unstead,cunstead4z@craigslist.org,(755) 6182948,03/05/2023,15:00,63
181,Paxton,Varnham,pvarnham50@vimeo.com,(821) 8055598,18/04/2023,17:00,96
182,Selia,Ollivierre,sollivierre51@sciencedirect.com,(555) 1576724,14/06/2023,12:30,64
183,Troy,Carlesso,tcarlesso52@adobe.com,(263) 5030074,25/01/2023,17:00,77
184,Gunar,Lavarack,glavarack53@buzzfeed.com,(151) 5002509,29/08/2023,15:30,81
185,Charmain,Ianson,cianson54@cmu.edu,(594) 4082054,13/12/2022,11:30,71
186,Marlon,Hellicar,mhellicar55@google.ru,(904) 2421262,04/04/2023,19:00,82
187,Jason,Gildea,jgildea56@bbb.org,(985) 8971129,12/08/2023,15:30,66
188,Etty,Guerro,eguerro57@rakuten.co.jp,(114) 7592183,31/10/2022,14:00,89
189,Beatrisa,Maken,bmaken58@pcworld.com,(481) 9914541,23/09/2022,10:30,50
190,Tobi,Stephenson,tstephenson59@cam.ac.uk,(578) 3015744,10/05/2023,13:30,83
191,Reggie,Delia,rdelia5a@house.gov,(644) 4060786,29/08/2023,14:30,81
192,Norbert,Guilliatt,nguilliatt5b@xing.com,(541) 2034908,19/09/2022,11:00,26
193,Ola,Brolly,obrolly5c@apache.org,(365) 5121669,25/09/2023,15:30,32
194,Elmore,Colly,ecolly5d@free.fr,(905) 1166191,29/03/2023,13:30,55
195,Belita,Freschini,bfreschini5e@nyu.edu,(660) 2452639,29/08/2023,16:30,68
196,Kathy,Couttes,kcouttes5f@51.la,(883) 1887394,28/04/2023,10:00,29
197,Vere,Gladman,vgladman5g@delicious.com,(539) 4400906,22/03/2023,12:00,70
198,Ashly,Seth,aseth5h@wiley.com,(641) 3916723,24/07/2023,14:00,19
199,Rolfe,Wimbush,rwimbush5i@yolasite.com,(984) 8284569,02/12/2022,17:00,100
200,Adele,Stilliard,astilliard5j@loc.gov,(739) 6331958,05/10/2022,15:00,29
201,Donica,Sall,dsall5k@histats.com,(111) 5091970,15/11/2022,18:30,72
202,Joela,Cozens,jcozens5l@loc.gov,(413) 4147871,16/04/2023,10:00,83
203,Raymond,Stavers,rstavers5m@cbsnews.com,(713) 3438825,21/03/2023,13:00,51
204,Remy,Wanka,rwanka5n@dot.gov,(924) 9227635,06/04/2023,15:00,82
205,Baxy,Rembrant,brembrant5o@artisteer.com,(661) 9963466,01/02/2023,11:30,8
206,Sylvan,Mealing,smealing5p@sphinn.com,(469) 1920062,11/08/2023,15:00,60
207,Fayth,Maraga,fmaraga5q@1688.com,(537) 1180126,22/05/2023,10:30,99
208,Nanice,Mayes,nmayes5r@msu.edu,(905) 1309300,10/09/2023,17:00,51
209,Cristobal,Skirven,cskirven5s@archive.org,(769) 7780676,23/09/2023,10:00,73
210,Drugi,Ivel,divel5t@hatena.ne.jp,(938) 3780387,12/10/2022,12:00,85
211,Moore,Gashion,mgashion5u@twitpic.com,(889) 6510364,19/07/2023,15:00,57
212,Ravid,Spon,rspon5v@hugedomains.com,(946) 5887812,01/02/2023,11:00,8
213,Terry,Sherreard,tsherreard5w@over-blog.com,(709) 4850244,18/02/2023,14:30,1
214,Dorthea,Klammt,dklammt5x@samsung.com,(617) 3660476,27/03/2023,16:00,54
215,Isa,Murricanes,imurricanes5y@irs.gov,(646) 6869805,08/09/2022,13:00,18
216,Desiri,Tiptaft,dtiptaft5z@w3.org,(906) 5854341,12/07/2023,12:00,61
217,Matteo,Gutteridge,mgutteridge60@discuz.net,(420) 2719612,01/06/2023,10:00,77
218,Olvan,De Rye Barrett,oderyebarrett61@microsoft.com,(133) 8776939,03/12/2022,10:00,14
219,Trudie,Colbrun,tcolbrun62@naver.com,(226) 5350091,21/02/2023,16:00,99
220,Joeann,Tibalt,jtibalt63@washingtonpost.com,(528) 7664894,13/07/2023,18:00,66
221,Dale,O'Growgane,dogrowgane64@apple.com,(546) 8783501,21/02/2023,14:00,32
222,Jamaal,Battell,jbattell65@trellian.com,(838) 9764340,11/10/2022,12:00,67
223,Shannon,Girardeau,sgirardeau66@miitbeian.gov.cn,(611) 5494070,20/07/2023,18:00,90
224,Oberon,Norridge,onorridge67@va.gov,(989) 3301944,07/07/2023,17:30,50
225,Charlot,Tavernor,ctavernor68@over-blog.com,(887) 9146964,19/11/2022,18:00,64
226,Lindsay,Spillman,lspillman69@altervista.org,(437) 2751382,15/03/2023,09:30,53
227,Leanna,Rennenbach,lrennenbach6a@hp.com,(933) 1742828,28/05/2023,14:00,98
228,Mirelle,Runnalls,mrunnalls6b@sbwire.com,(966) 8900700,30/10/2022,15:30,100
229,Manda,Allerton,mallerton6c@gov.uk,(103) 3030186,07/11/2022,14:00,12
230,Immanuel,Brockman,ibrockman6d@illinois.edu,(602) 5138479,13/03/2023,12:00,67
231,Rollins,Efford,refford6e@si.edu,(295) 3035770,21/09/2023,14:30,53
232,Adaline,Rowly,arowly6f@yahoo.com,(202) 9844472,11/03/2023,12:00,25
233,La verne,Mourant,lmourant6g@answers.com,(176) 9600430,13/01/2023,14:30,34
234,Gavin,Klimek,gklimek6h@un.org,(809) 4207741,09/06/2023,13:30,44
235,Chuck,Hobson,chobson6i@wix.com,(638) 5401857,30/07/2023,16:00,16
236,Crichton,Permain,cpermain6j@boston.com,(245) 2068621,06/08/2023,18:30,98
237,D'arcy,Gricks,dgricks6k@networksolutions.com,(560) 8440658,02/05/2023,11:00,57
238,Anni,Primo,aprimo6l@webs.com,(203) 7744949,17/07/2023,18:00,53
239,Giulietta,todor,gtodor6m@creativecommons.org,(751) 3710751,23/08/2023,16:30,10
240,Burgess,Schankelborg,bschankelborg6n@google.fr,(750) 1916540,20/11/2022,16:00,54
241,Duncan,Athowe,dathowe6o@macromedia.com,(259) 6833034,13/01/2023,09:00,94
242,Marinna,Greste,mgreste6p@free.fr,(189) 7898474,28/12/2022,09:30,97
243,Sander,Doddridge,sdoddridge6q@symantec.com,(648) 3369968,05/09/2022,16:30,71
244,Shandra,Sneden,ssneden6r@themeforest.net,(408) 8670299,16/08/2023,17:30,16
245,Elliott,Pordall,epordall6s@cmu.edu,(777) 6634716,24/03/2023,15:00,13
246,Salim,Bartolomeoni,sbartolomeoni6t@sakura.ne.jp,(340) 9550580,21/03/2023,17:00,2
247,Marielle,Theuff,mtheuff6u@baidu.com,(561) 6463489,21/08/2023,14:00,5
248,Ravi,Raymen,rraymen6v@icq.com,(481) 3135208,28/04/2023,12:00,79
249,Fanya,Lightman,flightman6w@delicious.com,(719) 6007434,07/04/2023,16:30,81
250,Krissie,Swiggs,kswiggs6x@umn.edu,(659) 8571309,02/01/2023,18:30,46
251,Culver,Beckley,cbeckley6y@wordpress.org,(108) 5974617,20/03/2023,09:30,2
252,Elena,Baptiste,ebaptiste6z@unblog.fr,(770) 9089022,03/10/2022,09:00,19
253,Trevor,Boyan,tboyan70@google.com.hk,(773) 9648269,02/12/2022,15:00,49
254,Wildon,Stallworth,wstallworth71@4shared.com,(541) 7944750,16/11/2022,12:00,88
255,Goldia,O'Mohun,gomohun72@msu.edu,(725) 3261302,19/07/2023,11:00,25
256,Malinda,Valti,mvalti73@arizona.edu,(994) 1846754,31/01/2023,09:30,28
257,Constantine,Leavesley,cleavesley74@ning.com,(751) 8982506,25/05/2023,14:00,88
258,Mada,Saffrin,msaffrin75@columbia.edu,(323) 1506077,26/07/2023,12:00,89
259,Avivah,Bachs,abachs76@etsy.com,(627) 7564712,30/12/2022,11:30,97
260,Reece,Wallentin,rwallentin77@irs.gov,(667) 1364943,22/10/2022,16:30,76
261,Trefor,Fuxman,tfuxman78@google.pl,(487) 8967493,23/09/2023,11:00,31
262,Elliott,Mangeney,emangeney79@github.com,(627) 7533351,22/11/2022,15:00,70
263,Rae,Tinson,rtinson7a@usda.gov,(919) 5750182,29/01/2023,17:00,69
264,Silas,Dunster,sdunster7b@mashable.com,(618) 7295120,04/06/2023,15:30,98
265,Kandy,Farady,kfarady7c@amazon.de,(486) 9959334,06/06/2023,17:00,66
266,Beaufort,Hundey,bhundey7d@infoseek.co.jp,(780) 9827554,13/09/2022,14:30,1
267,Hughie,Stable,hstable7e@marketwatch.com,(361) 9871622,11/09/2023,13:00,69
268,Jeniffer,Simao,jsimao7f@dot.gov,(248) 1869978,11/04/2023,16:00,97
269,Alfi,Oulet,aoulet7g@army.mil,(806) 2830467,11/01/2023,13:00,96
270,Ada,Bull,abull7h@cbsnews.com,(749) 7797990,18/09/2023,15:00,41
271,Linea,Ilyas,lilyas7i@japanpost.jp,(953) 3171133,19/04/2023,16:30,20
272,Guinna,Matthewman,gmatthewman7j@example.com,(119) 1650944,28/10/2022,19:00,39
273,Jephthah,Willcock,jwillcock7k@shop-pro.jp,(197) 8077358,20/03/2023,16:00,77
274,Pietra,Domerq,pdomerq7l@bandcamp.com,(460) 1184884,13/11/2022,10:30,22
275,Erminie,Kinnie,ekinnie7m@marketwatch.com,(250) 5276749,11/05/2023,09:30,100
276,Nicoli,Trewhella,ntrewhella7n@msu.edu,(202) 4471965,18/09/2023,13:30,85
277,Edan,Bassom,ebassom7o@ibm.com,(203) 3094290,03/09/2023,19:00,19
278,Cross,Cartwright,ccartwright7p@virginia.edu,(490) 1798342,12/07/2023,12:30,88
279,Mick,Alsopp,malsopp7q@reverbnation.com,(104) 2862165,20/09/2022,12:30,9
280,Kissie,Hollows,khollows7r@patch.com,(190) 1112957,19/07/2023,14:00,28
281,Byron,Jerschke,bjerschke7s@wufoo.com,(638) 6732838,11/02/2023,14:30,22
282,Griffith,Haacker,ghaacker7t@epa.gov,(355) 3341922,30/07/2023,10:30,22
283,Dionisio,Christopherson,dchristopherson7u@163.com,(313) 6090010,10/02/2023,11:30,27
284,Debra,Poxton,dpoxton7v@fotki.com,(933) 5130650,12/07/2023,11:30,100
285,Herrick,Jeffree,hjeffree7w@harvard.edu,(956) 6862747,28/09/2022,13:00,41
286,Gabriel,Klimas,gklimas7x@uol.com.br,(498) 7277678,07/01/2023,13:30,90
287,Devina,Kubatsch,dkubatsch7y@liveinternet.ru,(696) 5426931,30/04/2023,10:30,94
288,Nadean,Witherdon,nwitherdon7z@google.com.hk,(296) 2631527,19/10/2022,18:30,55
289,Cathie,Pearl,cpearl80@linkedin.com,(478) 1120952,07/09/2022,18:00,47
290,Starlin,Yokelman,syokelman81@plala.or.jp,(251) 3421849,13/01/2023,12:30,54
291,Paxton,Bercher,pbercher82@epa.gov,(244) 2440385,20/06/2023,17:00,49
292,Birgitta,Szymanowski,bszymanowski83@timesonline.co.uk,(402) 3764067,25/01/2023,13:00,24
293,Clarke,Kemitt,ckemitt84@utexas.edu,(667) 1123037,15/07/2023,10:00,60
294,Geno,Uccello,guccello85@go.com,(359) 1027091,27/09/2023,11:30,56
295,Marthena,Rzehorz,mrzehorz86@tripod.com,(429) 9317771,22/09/2023,18:30,13
296,Meggie,Puckett,mpuckett87@friendfeed.com,(987) 3040209,18/09/2022,11:30,82
297,Hercules,Tyrie,htyrie88@smh.com.au,(313) 3982576,12/08/2023,15:00,5
298,Wally,Lougheid,wlougheid89@smugmug.com,(516) 9829505,18/08/2023,16:00,36
299,Hedy,Cotman,hcotman8a@indiatimes.com,(474) 4976530,24/01/2023,11:30,7
300,Freeland,Manwaring,fmanwaring8b@pcworld.com,(847) 8788382,31/05/2023,13:30,14
301,Giacobo,Baumert,gbaumert8c@webs.com,(554) 7284808,17/05/2023,17:30,21
302,Erena,Umbert,eumbert8d@furl.net,(347) 4773026,07/12/2022,10:30,95
303,Rebekah,Alywin,ralywin8e@newyorker.com,(816) 5982040,29/12/2022,12:00,76
304,Linus,Taphouse,ltaphouse8f@behance.net,(629) 2266180,10/04/2023,12:30,55
305,Deirdre,Frissell,dfrissell8g@state.gov,(353) 4152291,04/10/2022,14:00,30
306,Billy,Neesham,bneesham8h@1und1.de,(495) 9434561,15/05/2023,11:30,25
307,Fara,Geere,fgeere8i@exblog.jp,(375) 9515722,21/11/2022,18:30,27
308,Lon,Lacelett,llacelett8j@amazon.com,(361) 5494706,10/06/2023,16:30,92
309,Ibby,Lorain,ilorain8k@joomla.org,(779) 2047972,16/10/2022,14:00,32
310,Karie,Farherty,kfarherty8l@people.com.cn,(158) 8950406,13/11/2022,11:30,77
311,Fred,Killbey,fkillbey8m@liveinternet.ru,(744) 2842342,09/03/2023,16:30,81
312,Florri,Tailby,ftailby8n@miibeian.gov.cn,(924) 4144588,28/05/2023,13:00,72
313,Shirleen,Stoltz,sstoltz8o@shop-pro.jp,(175) 6052097,21/10/2022,15:00,99
314,Hayward,Celier,hcelier8p@sun.com,(627) 4435673,17/09/2023,10:00,54
315,Kristos,Kevis,kkevis8q@com.com,(358) 1450108,27/11/2022,16:30,38
316,Randi,Cluer,rcluer8r@fda.gov,(460) 7482179,14/09/2022,12:00,3
317,Winona,Gossart,wgossart8s@angelfire.com,(801) 3666516,24/04/2023,10:00,13
318,Francesca,Hastelow,fhastelow8t@buzzfeed.com,(127) 4110449,08/12/2022,16:30,61
319,Byrann,Giorio,bgiorio8u@cornell.edu,(385) 3785788,06/12/2022,13:30,17
320,Aron,Pigdon,apigdon8v@cloudflare.com,(815) 3684744,02/07/2023,09:30,80
321,Rosaline,Bosward,rbosward8w@miibeian.gov.cn,(360) 5420665,11/09/2023,18:30,57
322,Keith,Rolse,krolse8x@merriam-webster.com,(494) 2105855,15/06/2023,14:30,19
323,Sonnnie,Pedgrift,spedgrift8y@godaddy.com,(425) 5729292,13/04/2023,17:30,74
324,Freemon,Tremble,ftremble8z@arstechnica.com,(867) 2046534,03/05/2023,16:00,2
325,Cari,Haith,chaith90@bloglovin.com,(271) 1233152,14/09/2023,14:00,28
326,Guillema,Balthasar,gbalthasar91@canalblog.com,(537) 4084935,20/10/2022,15:30,97
327,Lauren,Drinkel,ldrinkel92@google.cn,(643) 5521157,05/12/2022,13:00,40
328,Waly,Marieton,wmarieton93@tinyurl.com,(757) 6877375,10/10/2022,13:00,62
329,Ricky,Maggiore,rmaggiore94@smugmug.com,(288) 3515016,11/05/2023,11:30,58
330,Arlen,Sumption,asumption95@slate.com,(636) 6685783,28/11/2022,09:30,84
331,Carmon,Tatton,ctatton96@yolasite.com,(316) 8678351,29/06/2023,14:30,22
332,Bonnee,Swinney,bswinney97@virginia.edu,(225) 1863034,06/12/2022,14:30,90
333,Humphrey,Coupman,hcoupman98@miitbeian.gov.cn,(824) 4000926,17/08/2023,09:00,77
334,Sybyl,Everard,severard99@phpbb.com,(124) 2292193,13/10/2022,13:00,89
335,Cullie,Trask,ctrask9a@i2i.jp,(987) 9615715,30/09/2023,13:00,81
336,Bertine,Hampshaw,bhampshaw9b@rediff.com,(276) 4937974,06/02/2023,16:30,16
337,Teodoro,Hawksley,thawksley9c@opensource.org,(693) 7698000,29/05/2023,16:30,95
338,Jerrie,Reyne,jreyne9d@ifeng.com,(222) 7530819,07/02/2023,17:30,58
339,Christoper,Innwood,cinnwood9e@apple.com,(915) 3311680,10/05/2023,11:00,24
340,Enrica,Boame,eboame9f@mediafire.com,(309) 9104089,10/11/2022,11:00,17
341,Melloney,Bisatt,mbisatt9g@sohu.com,(528) 1706534,16/05/2023,16:00,100
342,Phebe,Peasee,ppeasee9h@ebay.co.uk,(642) 8748351,13/09/2022,13:30,89
343,Mercedes,Case,mcase9i@bbc.co.uk,(721) 1018994,15/01/2023,16:00,73
344,Matt,Brailsford,mbrailsford9j@163.com,(838) 2812776,01/06/2023,14:30,53
345,Stavros,Bloxsum,sbloxsum9k@360.cn,(150) 5913710,22/05/2023,17:00,45
346,Mallorie,Skirling,mskirling9l@statcounter.com,(831) 4327740,25/01/2023,15:00,29
347,Nickolai,Flury,nflury9m@xrea.com,(682) 8504300,06/08/2023,18:00,10
348,Cleavland,Tourmell,ctourmell9n@tmall.com,(808) 6367543,30/11/2022,10:30,36
349,Ricard,Bracknell,rbracknell9o@shareasale.com,(169) 4599390,01/09/2023,15:00,68
350,Nicky,Stentiford,nstentiford9p@virginia.edu,(908) 3173362,27/11/2022,14:00,98
351,Ethelbert,McReynolds,emcreynolds9q@amazon.de,(821) 3042755,11/10/2022,11:30,86
352,Early,Gladbach,egladbach9r@illinois.edu,(356) 2167783,09/09/2022,12:00,62
353,Luciana,Beggini,lbeggini9s@hibu.com,(446) 3592796,29/08/2023,13:00,89
354,Nanni,Weedall,nweedall9t@instagram.com,(940) 2256555,11/04/2023,12:30,27
355,Nonnah,Zorro,nzorro9u@linkedin.com,(969) 3596171,16/07/2023,11:30,76
356,Phebe,Clell,pclell9v@dyndns.org,(359) 7384430,22/09/2023,09:30,97
357,Alleen,Sanney,asanney9w@paginegialle.it,(433) 2518801,14/05/2023,14:00,94
358,Monica,Checcuzzi,mcheccuzzi9x@amazonaws.com,(214) 9058790,20/08/2023,15:00,69
359,Ivonne,Dismore,idismore9y@biblegateway.com,(666) 1243625,02/07/2023,10:30,57
360,Felicity,Baggalley,fbaggalley9z@jimdo.com,(128) 3783152,11/07/2023,11:00,73
361,Anabal,Tuson,atusona0@freewebs.com,(613) 8372994,14/08/2023,11:30,2
362,Bonnee,Lowry,blowrya1@netlog.com,(343) 5351277,13/09/2023,13:30,29
363,Georgianne,Jado,gjadoa2@com.com,(764) 7029300,27/06/2023,13:30,58
364,Rana,Gransden,rgransdena3@comcast.net,(103) 7131403,16/10/2022,15:30,83
365,Jere,Skinn,jskinna4@usnews.com,(913) 4916972,15/04/2023,09:30,62
366,Roy,Gothrup,rgothrupa5@bbb.org,(289) 3619153,19/12/2022,10:30,39
367,Arin,Jewes,ajewesa6@posterous.com,(884) 3004186,22/11/2022,17:30,32
368,Stafford,Doogue,sdooguea7@webnode.com,(831) 4295491,19/05/2023,15:30,64
369,Bendix,Ibert,biberta8@ameblo.jp,(573) 7034238,03/07/2023,10:00,17
370,Coriss,Mills,cmillsa9@disqus.com,(938) 3199742,08/05/2023,10:00,42
371,Neale,Gillinghams,ngillinghamsaa@un.org,(516) 2571292,05/03/2023,15:30,11
372,Mikey,Wegenen,mwegenenab@4shared.com,(903) 2663510,12/02/2023,18:00,17
373,Elmo,Essame,eessameac@marketwatch.com,(212) 3942015,19/01/2023,13:30,40
374,Allianora,Rainton,araintonad@stanford.edu,(687) 5662948,21/09/2023,15:00,16
375,Garnette,Shovlin,gshovlinae@histats.com,(734) 2679214,21/03/2023,11:00,6
376,Archaimbaud,Gerrelt,agerreltaf@dedecms.com,(649) 2353296,17/09/2023,10:30,11
377,Bianka,Sansom,bsansomag@amazon.de,(116) 4273557,13/06/2023,16:30,47
378,Marlin,Train,mtrainah@intel.com,(516) 3866692,04/03/2023,18:30,34
379,Christian,Featherstonhaugh,cfeatherstonhaughai@loc.gov,(845) 2433695,13/01/2023,14:30,56
380,Loise,McAvin,lmcavinaj@sina.com.cn,(211) 5422437,24/05/2023,15:00,84
381,Barbabra,Farrent,bfarrentak@bbb.org,(135) 1425942,26/06/2023,18:30,11
382,Tiffie,Saer,tsaeral@arizona.edu,(170) 6263302,18/10/2022,14:30,25
383,Zachery,Eakin,zeakinam@ezinearticles.com,(161) 7447290,02/07/2023,13:30,16
384,Case,Jancic,cjancican@networksolutions.com,(479) 3131486,18/06/2023,18:30,22
385,Marty,Torfin,mtorfinao@amazon.de,(623) 1254284,10/01/2023,17:30,37
386,Thedrick,Gravenell,tgravenellap@trellian.com,(366) 5721864,13/12/2022,11:30,87
387,Phylis,Jevons,pjevonsaq@bluehost.com,(957) 6603372,02/03/2023,09:00,49
388,Dominica,Farris,dfarrisar@mozilla.com,(924) 3349949,08/01/2023,15:00,8
389,Ebenezer,Roelofs,eroelofsas@ft.com,(236) 5180836,26/08/2023,09:30,89
390,Eolanda,Lightning,elightningat@springer.com,(263) 9645656,30/04/2023,13:30,38
391,Archy,Thunder,athunderau@utexas.edu,(173) 9915043,27/08/2023,09:30,36
392,Dena,Burren,dburrenav@acquirethisname.com,(113) 4148480,14/07/2023,15:00,76
393,Nanni,Simonson,nsimonsonaw@cbslocal.com,(677) 2530440,12/10/2022,16:30,51
394,Jannel,Ollcott,jollcottax@tumblr.com,(692) 9794451,03/01/2023,09:30,16
395,Ericka,Wittman,ewittmanay@nationalgeographic.com,(878) 1534715,15/01/2023,13:00,14
396,Cornall,Crombleholme,ccrombleholmeaz@dailymail.co.uk,(526) 5895157,08/12/2022,13:30,56
397,Robers,Gannon,rgannonb0@istockphoto.com,(435) 9941767,08/10/2022,11:30,24
398,Duff,Hayhurst,dhayhurstb1@auda.org.au,(178) 5403647,25/02/2023,15:00,54
399,Bertram,Adamson,badamsonb2@census.gov,(811) 8785565,02/06/2023,13:30,71
400,Rogers,Sellack,rsellackb3@php.net,(929) 3691707,06/09/2023,17:00,95
401,Barron,Sails,bsailsb4@reference.com,(482) 9647095,23/08/2023,13:30,37
402,Sheffy,Ballham,sballhamb5@rakuten.co.jp,(848) 7924022,23/02/2023,11:00,83
403,Valentine,Lewknor,vlewknorb6@smugmug.com,(217) 4038074,06/10/2022,13:30,42
404,Carlin,Boxell,cboxellb7@nhs.uk,(681) 9167873,27/09/2023,11:30,94
405,Cirilo,Broadey,cbroadeyb8@gov.uk,(580) 5403426,07/09/2023,18:00,29
406,Izabel,Jillett,ijillettb9@disqus.com,(680) 1002043,11/09/2022,13:00,14
407,Frederik,O'Mullally,fomullallyba@ed.gov,(434) 2110055,15/10/2022,15:30,90
408,Sydel,Dunsire,sdunsirebb@ezinearticles.com,(866) 2459332,26/07/2023,12:30,54
409,Rora,Newstead,rnewsteadbc@linkedin.com,(838) 7148861,27/05/2023,10:30,80
410,Osmund,De Dei,odedeibd@buzzfeed.com,(115) 6331675,27/11/2022,14:00,56
411,Doralynne,Ducket,dducketbe@patch.com,(113) 8796668,29/08/2023,12:30,83
412,Pascal,Beslier,pbeslierbf@npr.org,(147) 4238834,17/09/2022,10:00,16
413,Rosaline,Threlkeld,rthrelkeldbg@qq.com,(713) 9627697,01/11/2022,16:30,96
414,Daffi,Brattell,dbrattellbh@friendfeed.com,(993) 2496818,22/12/2022,09:30,33
415,Ninette,Handmore,nhandmorebi@ucla.edu,(551) 8752222,09/02/2023,12:30,61
416,Blaire,Beddows,bbeddowsbj@youku.com,(584) 6732314,09/10/2022,15:00,7
417,Frederic,Pinnocke,fpinnockebk@epa.gov,(331) 6106739,02/04/2023,09:30,56
418,Marcelle,Gellibrand,mgellibrandbl@jugem.jp,(552) 7014709,01/01/2023,14:30,36
419,Tyne,Rennock,trennockbm@symantec.com,(182) 8239139,20/12/2022,16:00,33
420,Thane,Berisford,tberisfordbn@va.gov,(590) 7488603,26/11/2022,17:00,3
421,Delbert,Curgenven,dcurgenvenbo@xing.com,(669) 7078547,24/11/2022,14:30,60
422,Louie,Connew,lconnewbp@java.com,(808) 5194986,19/01/2023,10:30,19
423,Tess,Repp,treppbq@wunderground.com,(511) 3617547,01/09/2022,13:30,17
424,Grover,Benedtti,gbenedttibr@pagesperso-orange.fr,(998) 4540882,03/05/2023,16:00,64
425,Seymour,Penton,spentonbs@xinhuanet.com,(760) 6830203,29/07/2023,16:30,31
426,Nathalia,Mignot,nmignotbt@quantcast.com,(500) 1497791,25/03/2023,14:30,14
427,Nikoletta,Wareing,nwareingbu@last.fm,(536) 6214306,02/07/2023,14:00,98
428,Rudiger,MacGinley,rmacginleybv@accuweather.com,(126) 1466173,12/03/2023,11:30,42
429,Inga,Macbane,imacbanebw@altervista.org,(134) 3639145,21/09/2022,11:00,86
430,Jens,Danilewicz,jdanilewiczbx@psu.edu,(746) 3575212,13/10/2022,11:30,28
431,Judith,Lukehurst,jlukehurstby@jiathis.com,(297) 3668015,04/06/2023,13:00,62
432,Ofelia,Breakspear,obreakspearbz@go.com,(858) 7008397,02/12/2022,11:00,86
433,Agace,Doreward,adorewardc0@prlog.org,(369) 7933832,29/09/2023,12:30,80
434,Jeramey,Warden,jwardenc1@aol.com,(773) 5968905,22/03/2023,16:00,95
435,Emily,Hornbuckle,ehornbucklec2@linkedin.com,(820) 5569088,13/05/2023,15:30,41
436,Charmane,Laverenz,claverenzc3@mit.edu,(831) 6262141,08/07/2023,16:00,96
437,Debby,Burney,dburneyc4@tmall.com,(787) 7968298,05/09/2022,12:00,29
438,Kingsley,Metson,kmetsonc5@nbcnews.com,(673) 2600662,16/03/2023,10:30,88
439,Stephie,Cudihy,scudihyc6@networkadvertising.org,(684) 3496813,28/04/2023,14:00,4
440,Moyna,Summerton,msummertonc7@washingtonpost.com,(237) 8744945,23/05/2023,14:30,60
441,Brianne,Borrows,bborrowsc8@state.tx.us,(414) 6179118,27/01/2023,11:00,19
442,Dotti,Bartlomieczak,dbartlomieczakc9@lycos.com,(246) 8677912,25/03/2023,11:00,48
443,Sosanna,Redler,sredlerca@google.ru,(735) 3218551,13/02/2023,13:00,85
444,Arley,Larver,alarvercb@gravatar.com,(406) 7962423,24/02/2023,15:00,28
445,Mordy,Rapps,mrappscc@sogou.com,(379) 1764455,25/02/2023,15:00,76
446,Kriste,Blumfield,kblumfieldcd@amazonaws.com,(487) 5770021,03/09/2022,10:00,62
447,Fifi,Staff,fstaffce@discovery.com,(897) 4706286,25/09/2023,09:30,60
448,Stormie,Cahani,scahanicf@washington.edu,(647) 8431328,01/06/2023,13:00,84
449,Phillis,Dumsday,pdumsdaycg@domainmarket.com,(545) 4558448,19/09/2023,18:30,16
450,Flora,McCaghan,fmccaghanch@alexa.com,(922) 8203986,30/09/2023,14:30,15
451,Yves,Boldero,ybolderoci@oracle.com,(933) 4636071,13/01/2023,17:30,99
452,Lanni,Chilcotte,lchilcottecj@columbia.edu,(511) 6289173,03/02/2023,14:30,42
453,Janos,Jacquet,jjacquetck@barnesandnoble.com,(503) 1458182,30/01/2023,14:00,14
454,Temple,Morrill,tmorrillcl@clickbank.net,(110) 8667272,11/03/2023,09:30,7
455,Galven,Marlon,gmarloncm@bigcartel.com,(609) 4323026,19/01/2023,09:30,80
456,Myrna,Thumann,mthumanncn@netlog.com,(440) 5695285,07/01/2023,15:30,28
457,Ancell,McKeachie,amckeachieco@facebook.com,(872) 1493135,29/04/2023,10:00,85
458,Camella,Bowich,cbowichcp@amazon.com,(861) 4250906,01/03/2023,17:00,18
459,Clare,Dampier,cdampiercq@istockphoto.com,(156) 8310662,18/09/2023,14:00,64
460,Eachelle,Souley,esouleycr@mozilla.com,(530) 8719284,18/05/2023,11:00,54
461,Arlyne,Spurett,aspurettcs@blogspot.com,(638) 3268414,11/07/2023,17:30,4
462,Renault,Hurdidge,rhurdidgect@unicef.org,(446) 2079825,31/01/2023,11:30,22
463,Angie,De Domenicis,adedomeniciscu@dot.gov,(115) 1505048,01/12/2022,14:30,12
464,Sully,Stutely,sstutelycv@seattletimes.com,(870) 6508552,13/04/2023,18:00,31
465,Wynn,Bonin,wbonincw@java.com,(627) 5219892,14/02/2023,16:00,41
466,Karoly,Brookshaw,kbrookshawcx@scientificamerican.com,(128) 1246766,21/08/2023,18:00,44
467,Dayna,Tenby,dtenbycy@addthis.com,(264) 5053374,03/09/2023,16:00,93
468,Henka,Dysert,hdysertcz@hc360.com,(831) 1474070,18/01/2023,09:00,98
469,Phillipe,Makin,pmakind0@cafepress.com,(477) 8957528,18/11/2022,12:00,73
470,Lorrie,Negri,lnegrid1@slashdot.org,(995) 8410107,13/07/2023,16:30,52
471,Feliks,Fortye,ffortyed2@sitemeter.com,(496) 5533260,23/02/2023,12:00,92
472,Cherrita,Coughan,ccoughand3@freewebs.com,(306) 5934026,06/07/2023,11:30,51
473,Claybourne,McGorley,cmcgorleyd4@elpais.com,(642) 8905840,11/09/2023,16:00,9
474,Tybalt,Darrigoe,tdarrigoed5@washington.edu,(431) 3110744,28/04/2023,13:00,16
475,Nev,Lauthian,nlauthiand6@icq.com,(374) 8823501,02/11/2022,18:00,51
476,Kameko,Goldhawk,kgoldhawkd7@yahoo.com,(832) 1123325,02/12/2022,13:30,97
477,Gaspard,McClounan,gmcclounand8@etsy.com,(729) 9473070,09/10/2022,09:30,23
478,Orelle,Stollwerk,ostollwerkd9@zimbio.com,(793) 6839731,17/03/2023,13:00,60
479,Ora,Hamblen,ohamblenda@chronoengine.com,(734) 4919081,05/06/2023,12:30,96
480,Teodora,Dulany,tdulanydb@patch.com,(765) 1765653,07/09/2022,10:00,36
481,Gleda,Gamlyn,ggamlyndc@alibaba.com,(501) 9944276,06/01/2023,12:30,73
482,Rafaelita,Cattle,rcattledd@bloglovin.com,(809) 5599921,23/03/2023,09:30,5
483,Kelley,Antoniat,kantoniatde@imageshack.us,(421) 9655977,14/10/2022,17:00,17
484,Emilie,Ascraft,eascraftdf@nbcnews.com,(266) 4927087,12/09/2023,14:30,74
485,Stafford,Sweeny,ssweenydg@360.cn,(955) 8621036,03/02/2023,17:00,100
486,Francklyn,Mapholm,fmapholmdh@omniture.com,(676) 2107225,07/03/2023,12:30,28
487,Delores,Navaro,dnavarodi@github.com,(467) 9048672,12/08/2023,14:00,3
488,Beatrice,Footitt,bfootittdj@vistaprint.com,(336) 9747349,17/07/2023,13:30,52
489,Jule,Bohman,jbohmandk@furl.net,(340) 1628801,29/08/2023,13:30,14
490,Elwira,McCowen,emccowendl@edublogs.org,(354) 9046938,13/05/2023,17:00,22
491,Marketa,Izkovitch,mizkovitchdm@usnews.com,(393) 6742816,25/06/2023,13:30,59
492,Ruthie,Holehouse,rholehousedn@baidu.com,(137) 8695271,21/05/2023,09:30,54
493,Florencia,Zarfat,fzarfatdo@simplemachines.org,(350) 8483119,14/05/2023,10:00,44
494,Wanids,Goacher,wgoacherdp@oaic.gov.au,(346) 6431300,19/09/2022,16:00,22
495,Benedicto,Griffith,bgriffithdq@cbc.ca,(795) 1314945,30/12/2022,16:00,57
496,Camey,Hall-Gough,challgoughdr@privacy.gov.au,(645) 3740531,03/09/2022,12:00,71
497,Celeste,Santacrole,csantacroleds@ning.com,(646) 8862662,20/10/2022,14:00,53
498,Leonelle,Townsend,ltownsenddt@nymag.com,(799) 1722446,27/06/2023,14:00,48
499,Orly,Gilardi,ogilardidu@cnn.com,(566) 1140479,28/02/2023,16:30,54
500,Julianne,Castello,jcastellodv@infoseek.co.jp,(555) 4455821,14/01/2023,12:30,29
501,Denver,Patis,dpatisdw@slate.com,(136) 4732197,02/05/2023,09:30,42
502,Adah,Munslow,amunslowdx@instagram.com,(493) 2606281,23/10/2022,12:30,31
503,Lezlie,Byrom,lbyromdy@eepurl.com,(868) 5552774,26/09/2023,14:30,58
504,Pieter,Armal,parmaldz@ebay.co.uk,(226) 5259767,20/06/2023,10:30,42
505,Jephthah,Calton,jcaltone0@psu.edu,(122) 2204584,03/04/2023,14:30,35
506,Johny,Larret,jlarrete1@intel.com,(117) 8387440,17/09/2022,12:00,59
507,Maryrose,Gianotti,mgianottie2@twitpic.com,(438) 7034874,02/08/2023,15:00,23
508,Tremaine,Crevagh,tcrevaghe3@bbc.co.uk,(337) 9230695,18/02/2023,10:30,95
509,Niki,Noseworthy,nnoseworthye4@usgs.gov,(392) 3775641,13/08/2023,11:00,99
510,Adelina,Stronough,astronoughe5@wikimedia.org,(274) 1017052,30/11/2022,16:30,82
511,Rodrick,Lipman,rlipmane6@is.gd,(950) 9380866,19/05/2023,10:00,29
512,Paolo,MacGettigen,pmacgettigene7@privacy.gov.au,(174) 9763197,19/07/2023,09:00,12
513,Shirlene,Finlan,sfinlane8@instagram.com,(282) 2775826,15/09/2022,14:30,73
514,Gerrard,Furzer,gfurzere9@webmd.com,(357) 7146978,30/03/2023,12:30,89
515,Peria,Loughran,ploughranea@amazon.com,(100) 6057352,05/09/2023,12:00,70
516,Bay,Juschka,bjuschkaeb@nsw.gov.au,(832) 1383913,10/09/2023,12:30,63
517,Shelley,Ashlin,sashlinec@github.io,(193) 1127850,25/06/2023,10:00,97
518,Kurtis,Vidloc,kvidloced@moonfruit.com,(512) 6408868,03/01/2023,12:30,9
519,Flora,Matura,fmaturaee@dell.com,(168) 2460149,13/08/2023,17:30,74
520,Kathryn,Corns,kcornsef@vkontakte.ru,(326) 7529050,10/06/2023,16:30,4
521,Laney,Trevillion,ltrevillioneg@wisc.edu,(518) 7917535,27/12/2022,10:30,91
522,Riva,Darrington,rdarringtoneh@hatena.ne.jp,(731) 7394807,20/09/2022,16:30,20
523,Gabbie,Olenichev,golenichevei@163.com,(428) 7450430,12/06/2023,16:00,64
524,Pietra,Rosenstock,prosenstockej@bravesites.com,(775) 6537650,08/05/2023,13:30,33
525,Burch,McColm,bmccolmek@wikimedia.org,(817) 3540459,01/04/2023,16:30,43
526,Geralda,Skains,gskainsel@elpais.com,(279) 4153469,20/01/2023,15:30,15
527,Beck,Balke,bbalkeem@economist.com,(415) 2404595,26/04/2023,09:30,66
528,Ursula,Sansom,usansomen@mysql.com,(784) 4969667,27/03/2023,14:30,20
529,Korie,Standing,kstandingeo@berkeley.edu,(858) 5880144,25/02/2023,15:30,39
530,Shelia,Younge,syoungeep@cdbaby.com,(221) 8962327,24/04/2023,10:30,49
531,Madelon,Pioli,mpiolieq@opera.com,(469) 6627525,18/11/2022,13:00,23
532,Tymon,Ciric,tciricer@uol.com.br,(660) 8989057,24/11/2022,13:30,37
533,Violette,Sedgeman,vsedgemanes@yandex.ru,(561) 4429609,23/04/2023,15:30,83
534,Philly,Belin,pbelinet@netlog.com,(916) 1626377,09/04/2023,14:30,41
535,Ally,Laughlan,alaughlaneu@geocities.com,(804) 4954755,07/07/2023,18:30,80
536,Maryjane,Norledge,mnorledgeev@nationalgeographic.com,(648) 2724035,26/10/2022,10:00,15
537,Naoma,Leif,nleifew@t.co,(781) 3122235,28/09/2023,12:00,76
538,Gayle,Brettor,gbrettorex@1688.com,(129) 1479817,13/10/2022,18:30,1
539,Boyd,Rosenberger,brosenbergerey@woothemes.com,(938) 8258559,04/09/2022,09:00,36
540,Erna,Tomas,etomasez@lulu.com,(234) 4395586,17/02/2023,13:00,73
541,Pearce,Goomes,pgoomesf0@zimbio.com,(494) 5927401,08/03/2023,10:30,64
542,Kym,Cathrae,kcathraef1@thetimes.co.uk,(925) 2989757,21/08/2023,09:30,19
543,Vikki,Veasey,vveaseyf2@flavors.me,(959) 6344722,04/06/2023,17:00,83
544,Aundrea,Snare,asnaref3@ft.com,(583) 1455025,09/04/2023,15:00,32
545,Daryl,Vowells,dvowellsf4@linkedin.com,(206) 6420979,19/02/2023,16:30,70
546,Kesley,Clardge,kclardgef5@chron.com,(871) 7707184,07/02/2023,12:30,13
547,Gianni,Bedham,gbedhamf6@ameblo.jp,(284) 6780325,21/12/2022,10:30,88
548,Auberta,Lambden,alambdenf7@geocities.com,(198) 5947043,06/09/2023,13:00,93
549,Anatole,Edsall,aedsallf8@opera.com,(540) 4920575,18/04/2023,09:00,19
550,Giordano,Rollo,grollof9@statcounter.com,(808) 9196016,31/01/2023,13:00,70
551,Leilah,Brighouse,lbrighousefa@pinterest.com,(573) 7843320,25/07/2023,19:00,16
552,Michel,Mycroft,mmycroftfb@wufoo.com,(846) 7148330,16/09/2023,17:00,2
553,Bobinette,Belk,bbelkfc@goo.gl,(948) 8015411,23/02/2023,17:30,93
554,Nesta,Loos,nloosfd@photobucket.com,(227) 7637888,22/03/2023,11:30,11
555,Rhea,Blackmuir,rblackmuirfe@slideshare.net,(114) 6173441,03/02/2023,18:30,21
556,Tara,Barrington,tbarringtonff@nih.gov,(446) 6253163,30/12/2022,18:30,64
557,Lissy,Guilder,lguilderfg@merriam-webster.com,(480) 8856330,02/06/2023,10:00,26
558,Cristina,Hedin,chedinfh@digg.com,(944) 4769233,22/07/2023,13:00,70
559,Marchelle,Camerati,mcameratifi@smugmug.com,(698) 9641111,15/09/2023,15:30,15
560,Beth,Cayzer,bcayzerfj@statcounter.com,(477) 9865500,04/08/2023,11:30,82
561,Salvador,MacKettrick,smackettrickfk@bizjournals.com,(160) 7962625,07/07/2023,16:30,26
562,Kippy,O'Cullinane,kocullinanefl@dmoz.org,(809) 3556245,15/08/2023,10:00,28
563,Alick,Parrot,aparrotfm@tripod.com,(527) 6664153,29/09/2023,11:00,26
564,Jayme,Ganderton,jgandertonfn@infoseek.co.jp,(545) 8045694,01/06/2023,17:00,17
565,Ezequiel,Lyston,elystonfo@jugem.jp,(414) 2678862,23/02/2023,18:00,96
566,Bernardine,Koppke,bkoppkefp@themeforest.net,(535) 9737922,15/12/2022,13:00,47
567,Melvyn,Czaple,mczaplefq@comcast.net,(378) 3160989,22/06/2023,15:00,43
568,Temp,Billitteri,tbillitterifr@washington.edu,(953) 7827465,08/08/2023,12:00,100
569,Nehemiah,Basten,nbastenfs@jimdo.com,(883) 6605098,31/10/2022,16:00,20
570,Sidnee,Wrathall,swrathallft@hatena.ne.jp,(481) 8289459,09/04/2023,09:30,16
571,Janeta,Paynes,jpaynesfu@theguardian.com,(188) 9925312,19/09/2022,17:30,1
572,Titos,Beckhurst,tbeckhurstfv@cmu.edu,(787) 7100186,18/08/2023,11:30,11
573,Marci,Plues,mpluesfw@github.io,(310) 7223261,26/08/2023,18:00,31
574,Lonnie,Pietrowicz,lpietrowiczfx@gmpg.org,(855) 4663853,22/03/2023,11:00,98
575,Harper,Grimstead,hgrimsteadfy@nasa.gov,(888) 1309976,19/05/2023,13:00,66
576,Yolanda,Playfair,yplayfairfz@china.com.cn,(617) 9815249,16/09/2022,15:30,24
577,Micaela,Giraldo,mgiraldog0@latimes.com,(322) 8632097,01/11/2022,09:30,49
578,Dall,Mart,dmartg1@chicagotribune.com,(868) 2455130,18/08/2023,11:00,54
579,Roberto,Ferier,rferierg2@hatena.ne.jp,(116) 2319030,30/11/2022,15:30,64
580,Laughton,Ashfold,lashfoldg3@foxnews.com,(471) 2853830,22/01/2023,13:30,52
581,Rossie,Pedersen,rpederseng4@statcounter.com,(268) 2134839,07/02/2023,15:00,72
582,Rosemaria,Llop,rllopg5@t-online.de,(584) 9041757,23/02/2023,10:00,37
583,Ileana,Whyatt,iwhyattg6@github.io,(877) 4775474,03/07/2023,14:00,97
584,Coretta,Beadle,cbeadleg7@com.com,(142) 5120336,07/03/2023,10:00,50
585,Alleen,Newiss,anewissg8@walmart.com,(970) 5830500,23/01/2023,09:30,43
586,Sansone,Jarman,sjarmang9@tripadvisor.com,(625) 9037818,21/09/2022,15:00,20
587,Ransell,Awty,rawtyga@umich.edu,(286) 1722137,27/02/2023,16:00,83
588,Tarrah,Joly,tjolygb@devhub.com,(297) 2726961,31/05/2023,16:00,26
589,Dominique,Steeden,dsteedengc@businessweek.com,(444) 7591937,21/10/2022,15:00,38
590,Roland,O'Hartigan,rohartigangd@feedburner.com,(332) 2002112,19/08/2023,12:30,35
591,Geoffrey,Lamar,glamarge@blinklist.com,(590) 9954187,30/09/2023,10:30,33
592,Clovis,Braybrookes,cbraybrookesgf@51.la,(339) 4551916,05/01/2023,15:00,82
593,Stewart,Waters,swatersgg@ask.com,(696) 1880892,30/04/2023,11:30,11
594,Emlyn,Terne,eternegh@imageshack.us,(681) 7332120,25/11/2022,17:00,42
595,Hope,Morecombe,hmorecombegi@aboutads.info,(991) 1005653,27/07/2023,17:00,26
596,Moishe,Scone,msconegj@fastcompany.com,(603) 7918014,30/10/2022,18:00,44
597,Catarina,Bowhay,cbowhaygk@friendfeed.com,(392) 5603362,15/05/2023,18:00,15
598,Blane,Lerohan,blerohangl@indiatimes.com,(545) 5305079,22/03/2023,10:30,89
599,Titos,Gurnett,tgurnettgm@nationalgeographic.com,(504) 1146158,15/02/2023,16:00,10
600,Spense,Wemm,swemmgn@google.com.br,(618) 7102343,04/06/2023,17:30,34
601,Mireielle,Serotsky,mserotskygo@auda.org.au,(677) 8456733,07/12/2022,09:30,97
602,Erminia,Staite,estaitegp@opensource.org,(968) 1447241,29/06/2023,14:00,35
603,May,Sesser,msessergq@skype.com,(571) 7016392,25/03/2023,16:30,56
604,Camey,Frawley,cfrawleygr@umn.edu,(813) 5087940,12/05/2023,17:00,39
605,Teirtza,Aspole,taspolegs@nasa.gov,(539) 3635520,06/03/2023,15:30,71
606,Ker,Brazenor,kbrazenorgt@businesswire.com,(689) 9717205,01/06/2023,10:30,30
607,Athene,Croshaw,acroshawgu@slate.com,(572) 3859146,07/11/2022,10:30,56
608,Gloriane,Lehrahan,glehrahangv@yellowpages.com,(233) 8266504,08/04/2023,10:00,63
609,Vassily,Hekkert,vhekkertgw@wordpress.org,(400) 9714238,03/04/2023,11:30,87
610,Teresa,Hobson,thobsongx@businessweek.com,(610) 7284154,17/08/2023,11:30,76
611,Bren,Kirvell,bkirvellgy@blogtalkradio.com,(597) 4070706,29/06/2023,12:00,9
612,Crosby,Illston,cillstongz@jigsy.com,(410) 1090739,20/11/2022,12:30,77
613,Joaquin,McKeller,jmckellerh0@dropbox.com,(909) 4766531,26/01/2023,14:30,72
614,Lenora,Sabbins,lsabbinsh1@irs.gov,(185) 7948875,25/04/2023,17:00,32
615,Randi,Gauntlett,rgauntletth2@blogtalkradio.com,(118) 1447699,14/09/2022,14:00,15
616,Dmitri,Guyers,dguyersh3@blinklist.com,(898) 4709281,28/10/2022,14:30,43
617,Marissa,Stucksbury,mstucksburyh4@barnesandnoble.com,(957) 7044729,13/03/2023,12:00,28
618,Massimiliano,Hindmoor,mhindmoorh5@techcrunch.com,(545) 6180778,21/04/2023,09:30,28
619,Rolando,Dolby,rdolbyh6@stumbleupon.com,(133) 8733406,28/02/2023,10:00,56
620,Arleta,Josefsen,ajosefsenh7@wordpress.com,(228) 6470020,08/02/2023,12:30,94
621,Estevan,Hawlgarth,ehawlgarthh8@bloglines.com,(211) 1526073,14/12/2022,12:30,46
622,Claus,Semor,csemorh9@sfgate.com,(714) 2844217,22/03/2023,15:30,24
623,Alexa,Dri,adriha@sourceforge.net,(405) 7571420,25/10/2022,10:30,84
624,Taddeusz,Jakubovicz,tjakuboviczhb@newyorker.com,(572) 5341870,04/02/2023,13:30,90
625,Julie,De Giorgio,jdegiorgiohc@merriam-webster.com,(516) 7322529,08/03/2023,12:00,99
626,Archibald,Clague,aclaguehd@fema.gov,(157) 4233193,14/07/2023,18:00,45
627,Jae,Yanin,jyaninhe@reference.com,(693) 7921458,15/05/2023,09:30,70
628,Alard,Storrah,astorrahhf@yolasite.com,(744) 2728342,22/06/2023,14:00,91
629,Hamilton,Eastwell,heastwellhg@soundcloud.com,(759) 8776156,19/06/2023,17:30,19
630,Kissiah,Gerrell,kgerrellhh@nationalgeographic.com,(707) 9756719,06/09/2022,11:30,87
631,Virgina,Marrill,vmarrillhi@omniture.com,(530) 5297890,21/01/2023,15:00,25
632,Liesa,Leyburn,lleyburnhj@dailymotion.com,(663) 3424554,04/09/2022,15:00,90
633,Ximenes,Keher,xkeherhk@dyndns.org,(554) 9582595,31/03/2023,09:00,92
634,Gerhardt,Mathwin,gmathwinhl@slideshare.net,(513) 6182583,24/09/2023,11:30,14
635,Karen,Adacot,kadacothm@seattletimes.com,(350) 1137906,22/12/2022,15:00,86
636,Rufus,Manginot,rmanginothn@webs.com,(506) 9989277,27/06/2023,10:00,10
637,Read,Grafom,rgrafomho@qq.com,(977) 9721975,01/07/2023,12:30,14
638,Mal,Robertson,mrobertsonhp@springer.com,(846) 2736153,22/06/2023,18:00,67
639,Tonye,Heersma,theersmahq@mashable.com,(311) 9567806,07/04/2023,15:00,34
640,Merrily,Colkett,mcolketthr@tripod.com,(187) 1501285,06/04/2023,14:30,76
641,Coretta,Cornilleau,ccornilleauhs@creativecommons.org,(258) 6077122,28/10/2022,11:30,71
642,Romeo,Adami,radamiht@utexas.edu,(774) 3988075,29/07/2023,11:00,46
643,Madlin,Kamena,mkamenahu@marketwatch.com,(862) 5819772,23/02/2023,12:30,30
644,Ryun,Hefner,rhefnerhv@storify.com,(437) 6618573,20/06/2023,12:00,19
645,Marcos,Reilly,mreillyhw@cornell.edu,(971) 3407882,22/07/2023,11:00,72
646,Sonny,Etherton,sethertonhx@springer.com,(548) 7079068,17/09/2023,16:00,96
647,Carolyn,Allain,callainhy@springer.com,(936) 9114524,12/10/2022,15:00,79
648,Waring,Ubee,wubeehz@wiley.com,(582) 3711751,14/11/2022,11:30,88
649,Rahal,Darko,rdarkoi0@ebay.com,(272) 7196369,06/08/2023,10:00,24
650,Ermengarde,Balmann,ebalmanni1@craigslist.org,(987) 9723782,05/03/2023,11:00,50
651,Ugo,Ballston,uballstoni2@gizmodo.com,(135) 6987548,10/06/2023,10:30,79
652,Diannne,Truggian,dtruggiani3@bravesites.com,(980) 5513276,11/01/2023,10:00,32
653,Aleda,Millins,amillinsi4@bandcamp.com,(859) 3169652,09/04/2023,13:30,49
654,Vasily,Jakubovsky,vjakubovskyi5@list-manage.com,(198) 9308493,03/08/2023,09:30,11
655,Read,Lantuff,rlantuffi6@cnn.com,(683) 2712290,17/08/2023,12:00,68
656,Clevie,Asken,caskeni7@cargocollective.com,(584) 5315471,14/04/2023,11:00,5
657,Atlante,Wegner,awegneri8@twitpic.com,(640) 4237312,21/09/2023,18:00,60
658,Burnard,MacGaughie,bmacgaughiei9@comsenz.com,(442) 1626162,12/11/2022,12:00,8
659,Phebe,Yea,pyeaia@etsy.com,(310) 5403659,29/08/2023,12:30,49
660,Rebbecca,Casine,rcasineib@ameblo.jp,(908) 6685840,13/10/2022,10:30,96
661,Madelene,Rue,mrueic@mtv.com,(694) 2628797,31/03/2023,18:00,93
662,Clare,Stachini,cstachiniid@mac.com,(123) 3121853,04/08/2023,11:30,34
663,Jefferson,Minkin,jminkinie@php.net,(983) 3185118,01/10/2022,10:00,73
664,Fiorenze,Kaye,fkayeif@google.com.br,(749) 7326445,02/07/2023,12:00,75
665,Jackson,Dmytryk,jdmytrykig@marketwatch.com,(645) 2131524,12/06/2023,14:00,1
666,Silvan,Vian,svianih@hao123.com,(437) 9893182,14/12/2022,18:30,54
667,Jerrie,Lilly,jlillyii@a8.net,(226) 6612101,06/12/2022,09:30,62
668,Haydon,Mion,hmionij@icq.com,(695) 4276824,13/09/2022,13:30,33
669,Ebony,Jenkyn,ejenkynik@soup.io,(209) 7725441,06/02/2023,11:30,95
670,Boris,Jenicek,bjenicekil@hugedomains.com,(258) 4575787,14/09/2023,12:00,42
671,Kanya,O' Sullivan,kosullivanim@miitbeian.gov.cn,(791) 9391499,22/12/2022,11:00,49
672,Mia,Brushneen,mbrushneenin@wix.com,(546) 1721580,31/12/2022,16:30,99
673,Filbert,Brombell,fbrombellio@hexun.com,(911) 2033109,07/06/2023,10:30,78
674,Ginni,Linnell,glinnellip@google.ru,(782) 8837310,07/12/2022,16:30,78
675,Pierrette,Strike,pstrikeiq@nymag.com,(858) 8351717,05/12/2022,18:00,62
676,Jaymee,Seid,jseidir@goo.ne.jp,(727) 8429881,11/03/2023,11:00,51
677,Armando,Gallaher,agallaheris@skyrock.com,(969) 3317266,01/03/2023,09:30,31
678,King,Menichelli,kmenichelliit@behance.net,(504) 5452907,16/07/2023,13:00,31
679,Lucila,Watt,lwattiu@epa.gov,(435) 6584665,17/08/2023,15:00,58
680,Tomi,Lapides,tlapidesiv@naver.com,(887) 4186838,13/11/2022,10:00,97
681,Heinrick,Northage,hnorthageiw@irs.gov,(654) 2964414,09/06/2023,17:00,90
682,Westbrook,Marzella,wmarzellaix@gmpg.org,(922) 6964942,11/09/2022,11:00,48
683,Emmaline,Cosans,ecosansiy@cmu.edu,(939) 9466578,14/12/2022,13:00,24
684,Hetti,Pregel,hpregeliz@squidoo.com,(951) 6030103,04/09/2023,16:30,20
685,Tucky,Macvain,tmacvainj0@cmu.edu,(810) 7207653,11/02/2023,12:30,95
686,Merline,Curme,mcurmej1@paypal.com,(540) 6426109,11/10/2022,10:30,16
687,Ivett,Ranscomb,iranscombj2@imageshack.us,(518) 5824176,27/12/2022,13:00,26
688,Lorettalorna,Note,lnotej3@360.cn,(624) 2545232,06/02/2023,10:00,82
689,Marnia,Bangham,mbanghamj4@webeden.co.uk,(812) 3072987,07/04/2023,14:00,9
690,Erasmus,Hammill,ehammillj5@baidu.com,(803) 5379141,06/11/2022,15:00,38
691,Grove,Zanre,gzanrej6@youku.com,(793) 9688531,07/11/2022,15:30,13
692,Myrilla,Probat,mprobatj7@google.fr,(162) 3968087,21/01/2023,14:00,23
693,Angel,Linley,alinleyj8@amazon.de,(800) 5249893,27/04/2023,10:30,67
694,Roderigo,Tucsell,rtucsellj9@phpbb.com,(491) 9586351,05/12/2022,09:00,27
695,Teodorico,Schrader,tschraderja@netscape.com,(128) 7537835,24/03/2023,18:30,66
696,Dix,Impy,dimpyjb@epa.gov,(171) 4795608,15/11/2022,11:00,80
697,Nils,Garbett,ngarbettjc@un.org,(782) 3249961,09/12/2022,12:30,30
698,Jermaine,Dahlman,jdahlmanjd@skyrock.com,(137) 2244300,04/10/2022,15:30,40
699,Keelia,Preshaw,kpreshawje@java.com,(853) 1693901,23/04/2023,13:00,14
700,Kevon,Muffin,kmuffinjf@usa.gov,(353) 4975008,01/03/2023,18:30,82
701,Clarisse,Lathwell,clathwelljg@zimbio.com,(506) 7192493,23/05/2023,09:30,60
702,Noel,Brolechan,nbrolechanjh@jalbum.net,(697) 6426245,12/05/2023,14:30,3
703,Steffane,Risbie,srisbieji@prnewswire.com,(668) 5473797,05/12/2022,18:30,26
704,Connie,Thunnercliffe,cthunnercliffejj@cyberchimps.com,(756) 6040132,17/05/2023,09:30,28
705,Angelina,Wragge,awraggejk@ow.ly,(826) 4416027,21/06/2023,18:00,61
706,Gordon,Horrigan,ghorriganjl@unc.edu,(794) 5886849,08/11/2022,13:00,43
707,Alfy,Hastler,ahastlerjm@timesonline.co.uk,(206) 4487026,02/11/2022,10:30,89
708,Reinaldos,Counihan,rcounihanjn@homestead.com,(948) 6422913,30/12/2022,18:30,10
709,Francisco,Ditchett,fditchettjo@bbb.org,(513) 1384665,27/08/2023,14:00,10
710,Lorianne,Collopy,lcollopyjp@sciencedaily.com,(867) 8160716,12/08/2023,18:30,92
711,Bordy,Toolan,btoolanjq@japanpost.jp,(154) 3804668,12/09/2022,10:30,92
712,Mick,Lissenden,mlissendenjr@mac.com,(515) 7286817,07/01/2023,12:00,95
713,Wilton,Lomb,wlombjs@vinaora.com,(118) 4679363,08/10/2022,18:00,41
714,Micky,Fadden,mfaddenjt@google.com,(255) 5747245,12/08/2023,17:30,6
715,Austina,Stebbings,astebbingsju@live.com,(867) 2497933,30/05/2023,11:30,2
716,Silvie,Cumbers,scumbersjv@google.fr,(697) 7273861,06/07/2023,17:00,93
717,Lottie,Duhig,lduhigjw@narod.ru,(631) 7309396,15/10/2022,18:30,63
718,Papageno,Rookeby,prookebyjx@vk.com,(903) 1596239,25/10/2022,14:30,19
719,Brien,Berthomier,bberthomierjy@dion.ne.jp,(571) 5472336,26/04/2023,10:30,50
720,Jeth,Nyland,jnylandjz@mapquest.com,(107) 1301546,27/06/2023,17:00,87
721,Konstantine,Manvelle,kmanvellek0@feedburner.com,(595) 3849511,20/10/2022,17:00,95
722,Lyndy,Castenda,lcastendak1@hostgator.com,(913) 6618300,17/09/2023,16:30,21
723,Kimberlee,Barthod,kbarthodk2@fema.gov,(709) 1645618,07/01/2023,13:00,98
724,Verge,Hulle,vhullek3@friendfeed.com,(149) 8002873,20/09/2022,17:30,28
725,Kendra,Collen,kcollenk4@businessweek.com,(670) 3867205,17/08/2023,13:00,43
726,Paulina,Friday,pfridayk5@virginia.edu,(687) 9817096,18/07/2023,10:00,68
727,Calvin,Furse,cfursek6@aboutads.info,(858) 9598464,05/10/2022,12:00,67
728,Rhianna,De Atta,rdeattak7@timesonline.co.uk,(483) 3148478,02/04/2023,11:30,67
729,Dud,Hannah,dhannahk8@paypal.com,(195) 9446928,18/08/2023,09:00,80
730,Renelle,Badam,rbadamk9@trellian.com,(752) 4090475,01/06/2023,17:00,57
731,Codi,Wearne,cwearneka@narod.ru,(902) 2537698,08/01/2023,14:00,36
732,Maryrose,McGonagle,mmcgonaglekb@furl.net,(510) 4155655,05/12/2022,15:00,97
733,Flossy,Frizzell,ffrizzellkc@intel.com,(686) 9015264,01/07/2023,16:00,63
734,Leoine,Dugue,lduguekd@geocities.com,(582) 3022229,08/11/2022,14:00,52
735,Lilla,Reedshaw,lreedshawke@digg.com,(279) 4440191,07/08/2023,15:30,17
736,Ralina,Cottie,rcottiekf@sohu.com,(771) 1805298,31/03/2023,17:00,28
737,Prentice,Haugen,phaugenkg@yahoo.co.jp,(982) 9639631,07/04/2023,11:30,3
738,Alison,Arber,aarberkh@nba.com,(648) 9830499,25/05/2023,10:00,23
739,Bertrando,Sindall,bsindallki@goo.gl,(812) 8737737,08/02/2023,14:00,96
740,Ravid,Chappell,rchappellkj@yahoo.co.jp,(686) 3839728,12/11/2022,16:30,81
741,Orlan,Megainey,omegaineykk@lycos.com,(896) 9318333,03/04/2023,15:00,4
742,Cosmo,Matresse,cmatressekl@scientificamerican.com,(899) 6942457,12/08/2023,12:00,70
743,Greggory,Beartup,gbeartupkm@geocities.com,(239) 3682412,21/10/2022,13:00,73
744,Arlan,Pownall,apownallkn@walmart.com,(217) 5220657,10/06/2023,13:30,73
745,Jasmine,Gyngell,jgyngellko@cdbaby.com,(139) 2781447,05/01/2023,10:00,49
746,Silva,Warmington,swarmingtonkp@google.de,(400) 7555906,15/07/2023,12:30,13
747,Heda,Admans,hadmanskq@google.com.br,(701) 2271917,18/04/2023,18:00,24
748,Fanni,Buzzing,fbuzzingkr@arizona.edu,(202) 3229769,27/08/2023,10:00,50
749,Chelsy,Lieber,clieberks@yellowbook.com,(653) 8747908,05/03/2023,12:30,68
750,King,Ammer,kammerkt@hao123.com,(463) 9579264,29/10/2022,15:00,51
751,Layla,Alekseicik,lalekseicikku@dailymotion.com,(809) 5703031,25/11/2022,13:00,15
752,Elianore,Blatcher,eblatcherkv@goo.gl,(933) 6683080,21/10/2022,09:30,25
753,Camel,Badwick,cbadwickkw@huffingtonpost.com,(558) 7135925,15/01/2023,15:00,19
754,Inga,MacNucator,imacnucatorkx@elegantthemes.com,(438) 1426067,04/05/2023,09:00,34
755,Horace,Maass,hmaassky@archive.org,(288) 9825488,21/06/2023,11:30,90
756,Lavena,Hartmann,lhartmannkz@meetup.com,(634) 7006457,18/02/2023,13:30,54
757,Larry,Pulbrook,lpulbrookl0@geocities.jp,(650) 1464833,11/10/2022,10:00,83
758,Barbabra,Shillinglaw,bshillinglawl1@google.es,(100) 7438164,13/10/2022,16:00,48
759,Burgess,Jope,bjopel2@meetup.com,(135) 1128185,24/03/2023,14:30,88
760,Paloma,Heardman,pheardmanl3@engadget.com,(114) 1492717,01/03/2023,16:30,95
761,Jobi,McFadzean,jmcfadzeanl4@shinystat.com,(244) 5687339,07/05/2023,15:00,33
762,Franny,Caddan,fcaddanl5@sbwire.com,(118) 5114292,09/11/2022,09:00,18
763,Mile,Brunelleschi,mbrunelleschil6@ezinearticles.com,(593) 1592679,12/07/2023,16:30,82
764,Rowen,Kellet,rkelletl7@xing.com,(765) 4497334,01/12/2022,17:30,86
765,Dewitt,Hellewell,dhellewelll8@ucoz.com,(644) 2503317,01/10/2022,13:00,31
766,Husein,Smead,hsmeadl9@marriott.com,(982) 9053697,02/04/2023,10:30,89
767,Delano,Crowdy,dcrowdyla@pcworld.com,(373) 7499015,29/10/2022,16:30,88
768,Cristionna,Timms,ctimmslb@bloomberg.com,(380) 9848292,26/03/2023,15:30,64
769,Peyter,Blowfelde,pblowfeldelc@ebay.com,(422) 7173926,30/09/2022,16:30,47
770,Stavros,Cobain,scobainld@example.com,(334) 1576740,08/09/2022,17:00,31
771,Gilemette,Tweedle,gtweedlele@goodreads.com,(895) 3600397,10/08/2023,16:00,92
772,Tracey,Beet,tbeetlf@nyu.edu,(224) 5814485,12/08/2023,13:00,44
773,Lelia,Copello,lcopellolg@shinystat.com,(577) 2047816,11/02/2023,18:30,93
774,Donia,Kevane,dkevanelh@twitpic.com,(206) 9589301,25/05/2023,15:30,53
775,Conney,Shirrell,cshirrellli@columbia.edu,(121) 7661055,05/10/2022,13:00,2
776,Sylas,Borsay,sborsaylj@time.com,(911) 3212514,16/11/2022,16:30,98
777,Rufus,Bewfield,rbewfieldlk@gravatar.com,(940) 4861010,31/01/2023,17:00,73
778,Judy,Cutchey,jcutcheyll@oaic.gov.au,(951) 7417880,03/06/2023,14:00,15
779,Eden,Cadlock,ecadlocklm@microsoft.com,(488) 8602654,10/02/2023,13:00,73
780,Raffarty,Fragino,rfraginoln@constantcontact.com,(127) 9717649,29/09/2023,12:30,26
781,Albina,Krysztofowicz,akrysztofowiczlo@census.gov,(429) 8082957,26/11/2022,14:30,30
782,Aylmar,Sconce,asconcelp@tripadvisor.com,(457) 4465575,15/09/2022,18:00,54
783,Lynnea,Barrowcliffe,lbarrowcliffelq@yandex.ru,(932) 4859930,01/04/2023,12:30,11
784,Merlina,Patten,mpattenlr@tripadvisor.com,(558) 8219028,28/06/2023,15:30,13
785,Scarface,Hyam,shyamls@yelp.com,(708) 9485089,30/10/2022,18:30,76
786,Lenore,Tripp,ltripplt@zdnet.com,(843) 3542716,17/11/2022,10:30,58
787,Willow,Hanvey,whanveylu@privacy.gov.au,(199) 5688316,13/08/2023,12:00,42
788,Verney,Janaway,vjanawaylv@booking.com,(227) 4880666,12/08/2023,14:30,55
789,Roxine,Roddick,rroddicklw@360.cn,(245) 6313812,13/04/2023,16:30,41
790,Nanete,Kleinsinger,nkleinsingerlx@google.nl,(457) 1612720,02/07/2023,16:00,46
791,Cyrille,Caen,ccaenly@nasa.gov,(116) 6297968,04/09/2022,12:30,6
792,Duky,Quesne,dquesnelz@chicagotribune.com,(813) 2701690,10/05/2023,18:30,96
793,Reinhold,Minchella,rminchellam0@businesswire.com,(574) 6022602,24/08/2023,09:30,12
794,Free,Ruddoch,fruddochm1@examiner.com,(424) 8121012,19/08/2023,13:30,54
795,Milt,Hyndley,mhyndleym2@barnesandnoble.com,(361) 1012949,28/01/2023,17:30,23
796,Alley,Mishaw,amishawm3@google.pl,(264) 1252615,21/02/2023,13:30,29
797,Lyndell,Threadgill,lthreadgillm4@deliciousdays.com,(956) 6903453,30/04/2023,19:00,43
798,Justin,Pouton,jpoutonm5@vimeo.com,(789) 1970181,09/06/2023,17:00,12
799,Rubi,Handmore,rhandmorem6@weather.com,(302) 4554075,30/12/2022,15:30,1
800,Ardelle,Callaby,acallabym7@surveymonkey.com,(376) 2128038,29/05/2023,13:00,3
801,Eydie,Sinisbury,esinisburym8@weebly.com,(109) 4853289,25/06/2023,16:00,94
802,Barbra,De Witt,bdewittm9@telegraph.co.uk,(972) 8870443,13/02/2023,18:00,42
803,Feodor,Stollberg,fstollbergma@timesonline.co.uk,(757) 1858782,14/11/2022,13:30,59
804,Bernette,Leech,bleechmb@mac.com,(298) 6447517,08/08/2023,11:00,89
805,Lionel,Dalwood,ldalwoodmc@behance.net,(538) 6821811,02/03/2023,15:00,15
806,Butch,Mew,bmewmd@digg.com,(194) 7121394,19/03/2023,13:00,31
807,Georgetta,Hought,ghoughtme@webmd.com,(670) 8526548,03/08/2023,15:00,5
808,Bertha,Medland,bmedlandmf@soup.io,(368) 2915574,17/09/2023,15:30,6
809,Rhett,Thandi,rthandimg@netscape.com,(514) 6006359,09/02/2023,12:30,49
810,Nichole,Celez,ncelezmh@yahoo.co.jp,(802) 2000096,29/06/2023,13:30,51
811,Ardella,Balazot,abalazotmi@t.co,(283) 1065872,07/08/2023,18:00,100
812,Myrvyn,Braney,mbraneymj@slashdot.org,(651) 5083886,31/10/2022,15:00,92
813,Aloise,Dorkins,adorkinsmk@themeforest.net,(894) 2361503,24/02/2023,11:00,78
814,Jonah,Pritty,jprittyml@ameblo.jp,(472) 1659476,21/01/2023,13:00,86
815,Aigneis,Pragnell,apragnellmm@go.com,(408) 6530956,28/06/2023,10:00,58
816,Kizzie,Giraudou,kgiraudoumn@elpais.com,(169) 9080129,10/01/2023,13:30,66
817,Virginie,Rudiger,vrudigermo@nyu.edu,(771) 1477676,09/11/2022,17:00,15
818,Tedie,Broadbridge,tbroadbridgemp@instagram.com,(661) 8427416,08/09/2022,17:00,26
819,Rolf,Stoffels,rstoffelsmq@drupal.org,(936) 3840564,10/10/2022,16:30,85
820,Pam,Denver,pdenvermr@phpbb.com,(285) 1985616,05/11/2022,13:00,53
821,Audrie,Bigland,abiglandms@huffingtonpost.com,(452) 8020130,18/06/2023,15:00,27
822,Vail,Rossin,vrossinmt@washington.edu,(352) 7086651,18/09/2023,14:00,5
823,Katti,Walbrook,kwalbrookmu@about.com,(994) 9926136,21/06/2023,10:30,63
824,Dyan,Grono,dgronomv@psu.edu,(488) 4948834,21/06/2023,10:00,21
825,Kristopher,Edsell,kedsellmw@elpais.com,(999) 5249248,19/10/2022,17:30,31
826,Roderick,Toothill,rtoothillmx@ycombinator.com,(912) 7557988,02/05/2023,10:00,65
827,Craig,Sedgmond,csedgmondmy@alexa.com,(653) 4689003,04/10/2022,10:00,16
828,Gennie,Bollin,gbollinmz@gmpg.org,(691) 7182287,17/08/2023,14:00,28
829,Larisa,Lancashire,llancashiren0@symantec.com,(901) 2197859,20/06/2023,19:00,98
830,Ike,Drane,idranen1@thetimes.co.uk,(521) 8898476,22/11/2022,16:00,37
831,Stanley,Carletto,scarletton2@wsj.com,(358) 4175427,22/08/2023,14:30,26
832,Vin,O' Mullane,vomullanen3@barnesandnoble.com,(665) 9654363,23/03/2023,14:00,92
833,Lorianne,Waddilove,lwaddiloven4@sbwire.com,(423) 3317501,12/11/2022,11:30,4
834,Camey,Farrer,cfarrern5@cafepress.com,(491) 2498663,24/08/2023,14:00,86
835,Sande,Mobius,smobiusn6@merriam-webster.com,(783) 7130789,22/07/2023,17:30,21
836,Elladine,Scholfield,escholfieldn7@foxnews.com,(258) 6125941,09/04/2023,18:30,1
837,Deloria,Rupert,drupertn8@lulu.com,(585) 5309875,03/04/2023,11:30,9
838,Virginie,Cisco,vciscon9@squidoo.com,(346) 2688193,18/04/2023,10:00,18
839,Carlotta,Fullicks,cfullicksna@uol.com.br,(606) 6963623,09/10/2022,15:30,79
840,Janella,Ervin,jervinnb@sourceforge.net,(569) 5286456,04/09/2022,16:30,96
841,Lavinie,Millsap,lmillsapnc@github.io,(596) 6129689,01/05/2023,15:30,47
842,Christan,Burnell,cburnellnd@gizmodo.com,(683) 2782433,16/09/2022,10:00,37
843,Isidoro,Stair,istairne@cam.ac.uk,(261) 5824929,15/10/2022,14:30,23
844,Jeth,Skillen,jskillennf@nps.gov,(591) 4872921,08/12/2022,17:30,82
845,Rozina,Geaves,rgeavesng@stumbleupon.com,(574) 8789511,29/11/2022,09:00,79
846,Rois,Eadmeades,readmeadesnh@blog.com,(856) 4445179,08/03/2023,12:30,25
847,Hugo,Moresby,hmoresbyni@aboutads.info,(641) 6611828,20/11/2022,15:30,4
848,Aurie,Benthall,abenthallnj@infoseek.co.jp,(909) 8573102,08/08/2023,13:30,92
849,Ashly,Stallworthy,astallworthynk@skype.com,(613) 9379801,20/05/2023,11:30,71
850,Alaster,Pitceathly,apitceathlynl@slashdot.org,(832) 8982337,03/08/2023,09:00,24
851,Hilarius,Eagle,heaglenm@github.com,(614) 2449895,30/05/2023,14:30,23
852,Jordana,Brouard,jbrouardnn@scientificamerican.com,(604) 1624830,17/12/2022,18:00,34
853,Ebonee,Poytress,epoytressno@weebly.com,(924) 3379366,05/05/2023,16:30,15
854,Merry,Mervyn,mmervynnp@state.gov,(936) 9709999,12/10/2022,13:00,56
855,Laureen,Breckell,lbreckellnq@hud.gov,(132) 1508106,19/09/2023,17:30,54
856,Camile,Vannah,cvannahnr@deviantart.com,(148) 9644381,22/07/2023,12:00,56
857,Estella,Colliard,ecolliardns@huffingtonpost.com,(449) 9203559,08/11/2022,18:00,25
858,Lewie,Ionnisian,lionnisiannt@jalbum.net,(893) 3948041,13/12/2022,12:00,51
859,Josy,Szimoni,jszimoninu@creativecommons.org,(684) 9101031,26/11/2022,11:30,6
860,Abram,Bowld,abowldnv@unblog.fr,(628) 4732789,15/08/2023,18:30,77
861,Keane,Searle,ksearlenw@exblog.jp,(780) 1536202,14/07/2023,14:30,78
862,Kellia,Manners,kmannersnx@imageshack.us,(611) 6409405,25/09/2023,17:00,50
863,Brigid,Huntall,bhuntallny@pinterest.com,(704) 9662894,02/05/2023,10:30,39
864,Leann,Shrigley,lshrigleynz@indiegogo.com,(600) 3706004,04/01/2023,12:00,79
865,Rodney,Beddoes,rbeddoeso0@walmart.com,(785) 4008581,06/09/2023,10:00,56
866,Shem,Petrazzi,spetrazzio1@yellowpages.com,(772) 4441763,03/11/2022,10:00,72
867,Fonzie,Sheeres,fsheereso2@virginia.edu,(152) 1366033,14/09/2023,11:00,23
868,Perrine,Michurin,pmichurino3@time.com,(387) 3861608,01/02/2023,11:30,54
869,Lorant,Treker,ltrekero4@vistaprint.com,(524) 1745490,20/07/2023,13:00,68
870,Tasia,Dods,tdodso5@over-blog.com,(576) 1207892,06/10/2022,14:00,65
871,Cobbie,Carnell,ccarnello6@deviantart.com,(333) 6925062,27/11/2022,15:30,35
872,Hollyanne,Pulhoster,hpulhostero7@networksolutions.com,(901) 2770294,19/05/2023,13:30,69
873,Alaine,Brinsden,abrinsdeno8@freewebs.com,(872) 1228859,02/01/2023,10:30,24
874,Thornie,Grassick,tgrassicko9@artisteer.com,(456) 9713418,01/06/2023,09:00,91
875,Jolynn,MacGaffey,jmacgaffeyoa@goo.gl,(199) 9481558,29/01/2023,15:00,41
876,Bernelle,Fluin,bfluinob@go.com,(423) 5694044,26/05/2023,11:30,48
877,Pearce,Chiplin,pchiplinoc@miitbeian.gov.cn,(942) 3332344,12/07/2023,13:00,63
878,Boycie,Tommei,btommeiod@cbslocal.com,(359) 4541212,19/09/2022,18:00,84
879,Jaimie,Gilmore,jgilmoreoe@about.com,(775) 4698289,21/09/2023,14:00,77
880,Trixie,Lynam,tlynamof@sbwire.com,(351) 5268079,31/01/2023,11:30,82
881,Frank,Blomfield,fblomfieldog@webmd.com,(947) 1799153,11/07/2023,18:30,35
882,Delilah,Wilmut,dwilmutoh@gov.uk,(172) 3679320,01/09/2023,18:30,62
883,Wolfie,Wormstone,wwormstoneoi@tumblr.com,(286) 9941398,17/09/2022,16:00,60
884,Lena,Zupa,lzupaoj@dot.gov,(832) 7362609,17/04/2023,11:00,78
885,D'arcy,Slafford,dslaffordok@apache.org,(531) 9853338,18/05/2023,14:30,35
886,Reed,Nesbit,rnesbitol@clickbank.net,(716) 4761286,26/09/2023,18:30,35
887,Rae,Cogdon,rcogdonom@freewebs.com,(362) 1921527,02/11/2022,12:00,81
888,Claudius,Sanderson,csandersonon@fc2.com,(742) 1193191,18/09/2022,15:30,52
889,Nathanael,Tradewell,ntradewelloo@paypal.com,(411) 1110808,06/08/2023,18:30,21
890,Rena,Karlqvist,rkarlqvistop@blogs.com,(978) 4858606,23/02/2023,14:00,26
891,Stephenie,Bendixen,sbendixenoq@google.co.jp,(112) 3178109,12/05/2023,17:30,75
892,Kala,Husher,khusheror@scribd.com,(252) 8964714,10/11/2022,18:00,15
893,Aimee,Arunowicz,aarunowiczos@vk.com,(148) 4481937,10/02/2023,10:30,23
894,Aluin,George,ageorgeot@mtv.com,(240) 4553871,02/09/2022,16:00,99
895,Carly,Surmeyers,csurmeyersou@cpanel.net,(359) 7282423,18/09/2022,14:00,41
896,Aloisia,Dunklee,adunkleeov@printfriendly.com,(819) 6321327,28/06/2023,16:30,27
897,Amble,Leggis,aleggisow@pbs.org,(951) 5689579,01/11/2022,14:00,96
898,Tobias,Kordas,tkordasox@xrea.com,(317) 6913657,24/07/2023,17:30,41
899,Bjorn,Sloy,bsloyoy@biglobe.ne.jp,(642) 4566459,29/11/2022,18:30,62
900,Alane,Malenoir,amalenoiroz@is.gd,(922) 9099094,23/09/2022,17:00,57
901,Esmeralda,Seckom,eseckomp0@trellian.com,(850) 7713791,21/02/2023,10:30,9
902,Jodi,Wilkie,jwilkiep1@cdc.gov,(623) 7743184,24/05/2023,12:30,52
903,Kermie,Capener,kcapenerp2@reverbnation.com,(408) 7263518,26/11/2022,17:00,83
904,Goran,Ceaser,gceaserp3@devhub.com,(216) 6006568,17/01/2023,09:30,69
905,Blisse,Sawer,bsawerp4@webeden.co.uk,(726) 1916174,26/02/2023,14:00,95
906,Cherlyn,Aronstam,caronstamp5@gravatar.com,(545) 6120178,20/01/2023,10:00,89
907,Trixie,Laible,tlaiblep6@networksolutions.com,(609) 9602868,10/03/2023,11:30,40
908,Micheline,De Normanville,mdenormanvillep7@mediafire.com,(751) 2316357,21/07/2023,18:30,67
909,Bryant,Seak,bseakp8@cyberchimps.com,(995) 4277425,28/03/2023,11:00,27
910,Judye,Nevins,jnevinsp9@marriott.com,(515) 2580823,21/09/2022,10:30,95
911,Matthus,Loy,mloypa@goodreads.com,(509) 4514122,22/03/2023,18:30,84
912,Nickola,Rulf,nrulfpb@wix.com,(210) 8342386,12/08/2023,14:00,54
913,Rianon,Ekless,reklesspc@foxnews.com,(948) 4057396,07/11/2022,16:30,74
914,Mahmud,Marcam,mmarcampd@sina.com.cn,(602) 1470089,26/10/2022,09:00,41
915,Minnaminnie,Orrow,morrowpe@apache.org,(401) 9689465,30/09/2023,14:30,74
916,Gunther,Thaim,gthaimpf@umn.edu,(415) 7668348,23/02/2023,19:00,6
917,Mikkel,Gabbatt,mgabbattpg@hatena.ne.jp,(222) 9802163,10/11/2022,12:30,70
918,Holt,Rudeforth,hrudeforthph@google.co.jp,(491) 9141642,21/09/2022,12:00,22
919,Lonny,Thorndycraft,lthorndycraftpi@census.gov,(892) 4770375,26/03/2023,09:30,41
920,Erinn,Eannetta,eeannettapj@tinypic.com,(202) 8340349,27/08/2023,15:00,91
921,Fonsie,Walklett,fwalklettpk@msu.edu,(902) 1080891,20/09/2023,13:00,61
922,Rad,Lynskey,rlynskeypl@mtv.com,(961) 4548227,13/09/2022,15:30,50
923,Neille,Deverell,ndeverellpm@hc360.com,(501) 3712150,28/06/2023,16:30,22
924,Dev,Lawtie,dlawtiepn@xrea.com,(736) 1093392,12/06/2023,15:30,25
925,Hobart,Cutchey,hcutcheypo@wikia.com,(791) 3404335,04/04/2023,17:30,40
926,Arri,Stolberger,astolbergerpp@miitbeian.gov.cn,(296) 7573868,13/06/2023,14:00,65
927,Addison,Kingsbury,akingsburypq@dedecms.com,(152) 7211361,13/01/2023,11:30,37
928,Bessie,Clohessy,bclohessypr@goo.ne.jp,(495) 5389186,20/02/2023,12:00,7
929,Cass,O'Beirne,cobeirneps@howstuffworks.com,(941) 2966448,26/03/2023,14:00,72
930,Hobie,Ortells,hortellspt@xing.com,(316) 8418817,01/02/2023,16:00,8
931,Ag,Burgane,aburganepu@barnesandnoble.com,(100) 7012773,21/12/2022,17:30,30
932,Shelden,Dutson,sdutsonpv@ezinearticles.com,(519) 5944917,24/09/2023,09:30,84
933,Rawley,Dalglish,rdalglishpw@csmonitor.com,(373) 8731640,17/03/2023,16:00,19
934,Hillier,Frye,hfryepx@posterous.com,(870) 4304043,10/09/2023,14:00,51
935,Kippie,Garrould,kgarrouldpy@telegraph.co.uk,(573) 3736280,07/09/2023,11:00,95
936,Susannah,Wapplington,swapplingtonpz@sbwire.com,(239) 7989127,26/06/2023,13:00,28
937,Saunder,Domb,sdombq0@privacy.gov.au,(738) 8387756,29/05/2023,15:00,2
938,Rodrick,Dhenin,rdheninq1@tripadvisor.com,(300) 4825643,18/03/2023,13:30,47
939,Jacquelin,Paddon,jpaddonq2@va.gov,(949) 4949434,17/11/2022,11:30,32
940,Gillian,Revening,greveningq3@nationalgeographic.com,(907) 6545783,08/09/2023,10:00,49
941,Phillis,Doulton,pdoultonq4@yahoo.co.jp,(957) 6428417,01/09/2023,13:00,73
942,Eric,Gamlyn,egamlynq5@alexa.com,(109) 8965266,21/12/2022,14:30,27
943,Dode,Shave,dshaveq6@squarespace.com,(491) 5195763,03/03/2023,16:30,48
944,Lorry,Weyman,lweymanq7@sina.com.cn,(864) 4182047,01/09/2023,12:30,3
945,Rolland,Noke,rnokeq8@wikispaces.com,(560) 8656321,20/06/2023,10:30,51
946,Giulietta,Waite,gwaiteq9@sciencedaily.com,(581) 2700266,17/03/2023,14:30,11
947,Mohandas,Beavis,mbeavisqa@blog.com,(181) 2008349,13/03/2023,17:00,30
948,Tam,Radmer,tradmerqb@desdev.cn,(565) 2791046,29/10/2022,16:30,89
949,Loralee,Standell,lstandellqc@technorati.com,(243) 2160563,29/01/2023,16:30,91
950,Salmon,Pahler,spahlerqd@yale.edu,(359) 3347834,01/05/2023,19:00,67
951,Hillie,Blinman,hblinmanqe@1und1.de,(311) 5194059,24/11/2022,12:30,64
952,Harrie,Briddock,hbriddockqf@example.com,(253) 6192125,08/08/2023,12:00,65
953,Falito,Leonida,fleonidaqg@vk.com,(272) 6293666,19/08/2023,12:30,96
954,Jacklyn,Angelini,jangeliniqh@eepurl.com,(699) 9378170,26/06/2023,19:00,18
955,Zola,Casseldine,zcasseldineqi@pagesperso-orange.fr,(698) 4399543,27/02/2023,09:30,48
956,Kerianne,de Voiels,kdevoielsqj@statcounter.com,(265) 9462189,03/03/2023,11:00,94
957,Jay,Bilborough,jbilboroughqk@w3.org,(813) 1846431,18/10/2022,15:30,8
958,Maynord,Kimmings,mkimmingsql@theatlantic.com,(960) 3657906,05/10/2022,13:00,89
959,Sonni,Hasty,shastyqm@nsw.gov.au,(199) 9313305,10/07/2023,12:30,33
960,Justino,Giovanitti,jgiovanittiqn@mozilla.com,(977) 2562825,07/04/2023,15:30,19
961,Olivie,Risebrow,orisebrowqo@friendfeed.com,(294) 6102693,02/11/2022,09:30,64
962,Katee,Pfeffle,kpfeffleqp@yelp.com,(299) 6174462,17/02/2023,17:00,98
963,Hayden,Etheridge,hetheridgeqq@china.com.cn,(837) 6935663,03/05/2023,10:30,8
964,Peggie,MacMenamy,pmacmenamyqr@ftc.gov,(885) 2628175,25/06/2023,17:00,68
965,Misty,Dyball,mdyballqs@china.com.cn,(800) 4692681,18/09/2023,09:30,28
966,Kent,Fulun,kfulunqt@squidoo.com,(725) 9098059,13/09/2023,15:30,3
967,Reiko,Selbie,rselbiequ@blinklist.com,(568) 4491784,12/01/2023,13:30,42
968,Ronnica,Camacke,rcamackeqv@de.vu,(516) 8225034,21/12/2022,10:30,4
969,Rosemaria,Roebottom,rroebottomqw@timesonline.co.uk,(679) 8686682,27/07/2023,12:00,69
970,Lark,Scutchin,lscutchinqx@i2i.jp,(970) 5091243,05/01/2023,18:00,56
971,Juline,Aronow,jaronowqy@buzzfeed.com,(648) 8065620,15/03/2023,14:30,89
972,Merlina,Manie,mmanieqz@mail.ru,(143) 1799346,27/11/2022,13:00,100
973,Bekki,Dilger,bdilgerr0@chicagotribune.com,(954) 8626934,31/03/2023,15:30,58
974,Lian,Roycroft,lroycroftr1@devhub.com,(432) 5990363,12/09/2022,11:30,16
975,Cybill,Sappell,csappellr2@tinyurl.com,(559) 3888774,11/09/2023,19:00,41
976,Giulia,Reolfo,greolfor3@wired.com,(611) 5890042,18/01/2023,19:00,53
977,Roscoe,Aimson,raimsonr4@psu.edu,(742) 1287378,29/10/2022,10:00,20
978,Casey,Miliffe,cmiliffer5@alexa.com,(457) 1641293,11/02/2023,17:00,18
979,Kacy,Aitken,kaitkenr6@prnewswire.com,(297) 5880819,21/10/2022,14:30,6
980,Billie,Brehat,bbrehatr7@techcrunch.com,(416) 6548456,27/02/2023,11:00,8
981,Odell,Feye,ofeyer8@deliciousdays.com,(564) 8349383,16/12/2022,17:00,62
982,Janene,Lucus,jlucusr9@sogou.com,(461) 3473466,11/05/2023,11:30,49
983,Blake,Hamflett,bhamflettra@theguardian.com,(149) 3001233,11/05/2023,12:30,22
984,Harp,Cocking,hcockingrb@cmu.edu,(703) 2001306,11/05/2023,11:00,29
985,Darnell,Chitham,dchithamrc@whitehouse.gov,(342) 8387567,11/05/2023,14:00,89
986,Avie,Starling,astarlingrd@barnesandnoble.com,(832) 9595368,11/05/2023,09:30,21
987,Mariann,Jonke,mjonkere@wiley.com,(559) 7900107,11/05/2023,10:00,51
988,Cassi,Halbard,chalbardrf@about.com,(232) 1846950,01/07/2023,16:30,95
989,Valdemar,Paget,vpagetrg@altervista.org,(383) 6229378,09/12/2022,12:00,29
990,Alysia,Smurfit,asmurfitrh@wiley.com,(179) 7808156,27/03/2023,16:00,12
991,Meg,Whenman,mwhenmanri@hhs.gov,(602) 6007644,03/10/2022,12:30,54
992,Eleonore,Glaves,eglavesrj@bandcamp.com,(630) 6038886,29/03/2023,13:30,71
993,Faye,McGahey,fmcgaheyrk@blogtalkradio.com,(893) 5311555,06/10/2022,18:00,37
994,Kelcy,Dyson,kdysonrl@mozilla.org,(966) 4739743,19/05/2023,13:30,22
995,Alard,Greim,agreimrm@elegantthemes.com,(974) 4240669,29/11/2022,17:00,51
996,Jeri,Cowitz,jcowitzrn@time.com,(559) 5052523,16/05/2023,12:00,17
997,Bartel,McElhinney,bmcelhinneyro@example.com,(330) 4643877,16/05/2023,12:00,68
998,Eula,Covell,ecovellrp@cdbaby.com,(498) 5086140,16/05/2023,12:00,23
999,Hyacinth,Gladbeck,hgladbeckrq@theguardian.com,(283) 7443781,16/05/2023,12:00,58
1000,Ottilie,Melan,omelanrr@fema.gov,(744) 1567674,16/05/2023,12:00,38
